#id	nucl1643	oldj1239	nort2935	nort2935.2	sout2954	cent2126	shur1243	ikem1234	yaey1239	hato1238	yona1241	sats1241	kuma1281	haka1241	hach1239
fire_1	?	?	matʃʰɨ	ʔmatʰsɨ	matʃʰi	?	?	ɯmatʃʰɨ	?	?	?	?	?	?	?
fire_2	çi	?	?	?	?	ɸiː	ɸiː	?	pʰɨː	pʰiː	tsˀii	çi	çiː	çi	çi
nose_1	çana	pʰana	çana	çanaː	pʰana	pʰanaː	çana	pʰana	çana	pʰana	çanabɯɾɯ	çana	çana	çana	çana
go_1	ikʰ	jɯkʰ	ʔixdzɯɾi	ʔikʰdzɯɴ	ikʰdzɯɴ	çitʃʰɯɴ	ʔitʃʰɯɴ	iɸɯ	ikʰɯɴ	?	?	iʔ	ikʰɯ	ikʰɯ	ikʰɯ
go_2	?	?	?	?	?	?	?	?	pʰaɾɯɴ	pʰaɾɯɴ	çiɾɯn	?	?	?	?
water_1	midzɯ	mi	mɨdzɨ	mɨdzɨɨ	midzi	midziː	midzi	midzɨ	midzɨ	midzi	min	miʔ	midzu	middzɯ	middzɯ
mouth_1	kʰɯtʰi	kʰɯtʰi	kʰɯtʃʰi	kʰɯtʃʰɨɨ	kʰɯtʃʰi	kʰɯtʃʰiː	kʰɯtʃʰi	ɸɯtʃʰɨ	ɸɯtʃʰɨ	ɸutʃʰi	tˀii	kʰɯʔ	kʰɯtʰɕi	kʰutʰɕi	kʰutʰɕi
tongue_1	ʃitʰa	ʃitʰa	?	?	ʃitʃʰdza	?	?	sɨtʰa	sɨtʰa	ʃitʰa	tˀaa	ɕitʰa	ɕitʰa	ɕitʰa	ɕitʰa
tongue_2	?	?	sɨba	sɨbaː	?	sɯbaː	ʃiba	?	?	?	?	?	?	?	?
blood_1	tʰi	tʰi	tʃʰi	tʃʰɨɨ	tʃʰiː	tʃʰiː	tʃʰiː	açatʃʰɨ	tʃʰɨː	ʃii	tsˀii	tʰɕiː	tʰɕiː	tʰɕi	tʰɕi
bone_1	çone	pʰone	ɸunɨ	ɸuɯnɨ	pʰɯɲi	pʰɯɲi	ɸuɲi	pʰɯɲi	pʰɯɲi	pʰɯɲi	çuɲi	çone	çone	çone	çone
2SG_1	?	?	?	?	?	?	?	?	?	?	?	?	nɯɕi	?	?
2SG_2	anatʰa	?	?	?	?	?	?	?	?	?	nda	?	?	antʰa	?
2SG_3	?	?	ʔdza	ʔdzaː	ɯɾa	ʔdzaː	ʔdzaː	dza	waː	waː	?	wa	dzado	?	ɯna
2SG_4	?	na	?	?	?	?	?	?	?	?	?	?	?	?	?
root_1	ne	ne	nɨ	nɨgɯi	ɲii	ɲii	ɲii	ɲii	ɲii	ɲii	nii	ne	ne	ne	nekˀo
come_1	kʰo	kʰo	kʰi	kʰdzɯɴ	kʰdzɯɴ	sɯɴ	tʃʰuːɴ	ɸɯɨ	kʰɨ	kʰɯ	kʰun	kʰɯʔ	kʰɯɾɯ	kʰɯɾɯ	?
breast_1	mɯne	mɯne	mɯnɨ	nɨɨ	ɲipʰaɾa	ɲii	ɴɲi	mɲiʋtʃʰɨ	ɴɲi	ɴɲi	tsˀimɯtʰi	mɯne	mɯne	mɯne	mɯne
rain_1	ame	ame	ʔamɨ	ʔamɨɨ	ami	ʔamiː	ʔami	ami	aːmi	ami	ami	ame	ame	ame	ame
1SG_1	?	?	?	?	?	?	?	?	?	?	?	?	oɾɯ	?	?
1SG_2	?	?	?	?	?	?	?	a	?	?	anɯ	atʰai	?	atʰakʰi	?
1SG_3	waɾe	wa	waɴ	waɴ	waː	wanuː	waɴ	?	banɯ	baː	?	?	?	?	wa
name_1	namaeboɾ	na	na	naː	naː	naː	naː	naː	naː	naː	naa	namaeboɾ	na	namaeboɾ	nameːboɾ
louse_1	ʃiɾami	ʃiɾami	ʃiɾaɴ	sɨnaɴ	sdzaɴ	saːmi	ʃiɾaɴ	sam	saɴ	saɴ	tsˀan	ɕitʰame	ɕiɾame	ɕiɾami	ɕamme
wing_1	çane	pʰane	çane	çanɨɨ	pʰaɲi	pʰaɲii	çaɲi	pʰaɲi	pʰaɲi	pʰaɲi	çaɲi	çane	çane	çane	çane
meat_1	ɲikʰɯboɾ	?	?	?	?	?	?	?	?	?	?	ɲiʔboɾ	ɲikʰɯboɾ	ɲikʰɯboɾ	ɲikʰɯboɾ
meat_2	?	ʃiʃi	ʃiʃi	sɨsɨɨ	ʃiʃi	ʃii	ʃiʃi	sɨːsɨ	sɨsɨ	ʃiiʃi	tsˀitʃʰi	?	?	?	?
meat_3	?	?	?	?	?	?	?	?	?	?	?	?	?	mi	?
arm_hand_1	?	?	?	?	?	?	?	?	?	?	?	?	dzeda	?	?
arm_hand_2	?	?	?	?	?	?	?	?	?	?	?	ɯde	?	ɯde	ɯde
arm_hand_3	tʰe	tʰe	θɨ	tʰɨɨ	tʰiː	tʰiː	tʰiː	tʰiː	tʰiː	tʰiː	tʰii	tʰe	tʰe	tʰe	tʰe
fly_1	çae	pʰapʰe	ɸe	ʔoːbai	oːbai	pʰeː	ɸeː	pʰaɨ	pʰai	pʰai	çai	çe	çdzaː	çai	çeːme
night_1	joɾɯ	jo	dzɯɾɯ	dzɯɾuː	dzɯɾɯ	dzɯɾuː	dzuː	dzɯɨ	dzuːɾɨ	dzuːɾɯ	duɾɯ	dzoi	dzosaɾi	dzosaɾi	dzoɾɯ
ear_1	mimi	mimi	miɴ	miɴ	miɴ	mimiː	mimi	mim	miɴ	miɴ	mintʰaɸu	min	mimi	mimi	mimi
neck_1	?	?	?	?	?	?	?	?	?	nɯbi	nubi	?	?	?	?
neck_2	kʰɯbi	kʰɯbi	kʰɯbi	kʰɯi	kʰɯbi	kʷɯbiː	kʰɯbi	ɸɯdzɨ	ɸɯbɨ	ɸubi	?	kʰɯʔ	kʰɯbi	kʰɯbi	kʰɯbi
far_1	tʰoː	tʰopʰo	θuːsaɾi	tʰoːçaɴ	tʰuːsaɴ	tʰuːʃeɴ	tʰuːsaɴ	tʰuːkʰam	tʰuːsaːɴ	tʰuːdzaɴ	tʰwan	tʰoe	tʰoːkʰa	tʰoːkʰa	tʰoːkʰdza
do_make_1	?	?	?	?	?	?	?	?	?	?	?	tʰsɯ̥kʰɯʔ	tʰsɯ̥kʰɯɾɯ	tʰsɯ̥kʰɯɾɯ	tʰsɯ̥kʰɯɾɯ
do_make_2	ʃi	ʃe	sdzɯɾi	sdzɯɴ	sdzɯɴ	sɯɴ	sdzɯɴ	asɨ	sɨɴ	sɯɴ	?	?	?	?	?
do_make_3	?	?	?	?	?	?	?	?	?	?	kʰiɾɯn	?	?	?	?
house_1	?	?	dzaː	dzaː	dzaː	dzaː	dzaː	dzaː	dzaː	dzaː	daa	?	?	?	?
house_2	ie	ipʲe	?	?	?	?	?	?	?	?	?	ie	idze	ie	dze
stone_rock_1	iʃi	iʃi	ʔiʃi	ʔisɨɨ	iʃi	ʔiʃii	ʔiʃi	isɨ	iʃi	iʃi	itʃʰibɯgɯ	iɕ	iɕi	iɕi	iɕi
bitter_1	ɲigai	ɲigaʃi	ɲigdzasaɾi	ɴgdzaːçaɴ	ɲidzdzasaɴ	dzaːʃeɴ	ɴdzasaɴ	ngaçam	ɴgasaːɴ	ɴgaːɴ	swan	ɲige	ɲigakʰa	ɲigakʰa	migakʰdza
say_1	iw	ipʰ	ʔdzuːɾi	ʔdzɯɴ	ʔdzɯɴ	ʔdzɯɴ	ʔdzɯɴ	ndzɨ	?	?	ndun	dzɯ	dzɯː	dzɯː	dzɯː
say_2	?	?	?	?	?	?	?	?	?	adzɯɴ	?	?	?	?	?
say_3	?	?	?	?	?	?	?	?	aɴkʰɯɴ	?	?	?	?	?	?
tooth_1	ça	pʰa	ɸa	çaː	pʰaː	pʰaː	çaː	pʰaː	pʰaː	pʰaː	çaa	ça	ça	ça	nɯkʰaba
hair_1	?	?	?	?	?	?	?	?	?	?	?	kʰe	?	?	tʰsɯbɯɾinokʰe
hair_2	kʰami	kʰami	xamatʃʰi	?	?	?	?	?	akʰamadzɨ	gamadzi	kʰanan	kʰanokʰe	kʰange	kʰamige	?
hair_3	?	?	?	kʰaɾaːdzɨɴkʰɨɨ	ɸuɾadzi	çaɾaːdzi	kʰaɾadzi	kʰaɾadzɨ	?	?	?	?	?	?	?
big_1	oːkʰi	opʰokʰi	ɸɨsaɾi	?	ɯpʰisdzaɴ	?	?	ɯpʰɯkʰam	?	?	?	?	?	oːkˀa	boːkʰdza
big_2	?	?	?	ɸutʰɘɘçaɴ	?	?	?	?	?	?	ɸuɯtʰinkʰi	ɸɯtʰe	ɸɯtokʰa	?	?
big_3	?	?	?	?	?	magiʃeɴ	magisaɴ	?	maisdzaːɴ	maidzaɴ	?	?	?	?	?
one_1	çitʰotʰɯ	pʰitʰotʰɯ	tʰɨːtʃʰɨ	tʰɨɨtʃʰɨ	tʰiːtʃʰi	tiːtʃʰi	tʰiːtʃʰi	pʰitʰitʃʰɨ	pʰitʰiːdzɨ	pʰiːtʃʰi	tˀuːtʃʰi	hitʰoʔ	çi̥tʰotʰsɯ	çi̥tʰotʰsɯ	tʰetʰsɯ
who_1	?	?	?	?	?	?	?	?	?	?	?	?	donçi̥tʰo	donçi̥tʰo	?
who_2	daɾe	tʰaɾe	θaɾɯ	tʰaɾuː	tʰaɾɯ	tʰaɾuː	tʰaː	tʰaɾɯ	tʰaɾɯ	tʰaː	tʰaa	dai	daɾɯ	?	dai
3SG_1	kʰaɾe	?	ʔaɾɨ	ʔaɾɨɨ	aɾi	ʔaɾiː	ʔaɾi	kʰaɾi	kʰaɾi	kʰaɾi	kʰaɾi	anɕi	aɾɯ	aɾe	?
3SG_2	?	ʃi	?	?	?	?	?	?	?	?	?	?	?	?	?
hit_beat_1	ɯtʰ	ɯtʰ	ʔɯtʃʰi	ʔɯtʃʰɯɴ	ɯtʃʰdzɯɴ	ɸutʃʰɯɴ	ʔɯtʃʰɯɴ	ʋtʃʰɨ	ɯtʃʰɯɴ	ɯtʰɯɴ	utʰɯn	ɯʔ	ɯtʰsɯ	ɯtʰsɯ	ɯtʰowa
leg_foot_1	aʃi	aʃi	?	?	?	?	?	?	?	?	?	aɕ	aɕi	aɕi	aɕi
leg_foot_2	?	?	?	sɨnɨɨ	?	?	?	?	?	?	?	?	?	?	?
leg_foot_3	?	?	?	?	?	pʰisaː	ɸisdza	pʰisa	?	pʰaɴpʰisa	?	?	?	?	?
leg_foot_4	?	?	çagi	?	pʰagi	?	?	?	pʰaɴ	pʰaɴpʰisa	çan	?	?	?	?
horn_1	tʰɯno	tʰɯnwo	tʃʰɨno	tʃʰɨnoː	tʃʰinɯ	tʃʰinuː	tʃʰinɯ	tʃʰɨnɯ	tʃʰɯnɯ	ʃinɯ	nun	tʰsɯno	?	?	tʰsɯno
this_1	kʰono	kʰo	xɯɴ	kʰɯɴ	ɸunɯ	ɸunɯ	kʰɯnɯ	kʰɯnɯ	kʰɯnɯ	kʰɯnɯ	kʰuɯ	kʰoi	kʰoɾɯ	kʰoɾe	kʰoi
fish_1	sakʰana	?	?	?	?	?	?	?	?	?	?	?	?	?	?
fish_2	?	iwo	ʔdzuː	ʔdzuː	ʔdzuː	ʔdzuː	ʔidzɯ	ɨdzɯ	idzɯ	idzɯ	ijɯ	idzo	dzɯwo	io	dzo
yesterday_1	kʰinoɯ	kʰinopʰɯ	kʰinɯ	kʰinuː	kʰinoː	kʰinuː	tʃʰinuː	tʃʰɨnuː	kʰinuː	kʰinoː	nu	kʰinoː	kʰindzoː	kʰinoː	kʰinei
drink_1	nom	nom	nɯmɯɾi	nɯmdzɯɴ	nɯmdzɯɴ	nɯmiɴ	nɯmɯɴ	nɯm	nɯmɯɴ	nɯmɯɴ	numɯn	non	?	?	?
black_1	kʰɯɾo	kʰɯɾo	kʰɯɾɯsaɾi	kʰɯɾuːçaɴ	kʰɯɾɯsaɴ	kʷɯɾɯʃeɴ	kʰɯɾɯsaɴ	ɸɸɯkʰam	ɸɸɯsaːɴ	ɸɸoːɴ	ɸuɾɯtʃʰitʃʰi	kʰɯɾe	kʰɯɾokʰa	kʰɯɾokʰa	kʰɯɾokʰdza
navel_1	çeso	pʰoso	ɸusɯ	ɸusdzuː	pʰɯsɯ	pʰɯsɯɯ	ɸuʃi	pʰɯsɯ	pʰɯsɯ	bɯtsˀɯ	çusɯ	çeso	çeso	çeso	çetˀɕogo
stand_1	tʰatʰ	tʰatʰ	θaθɯɾi	tʰatʃʰdzɯɴ	tʰatʃʰdzɯɴ	tʰatʃʰɯɴ	tʰatʃʰɯɴ	tʰatʃʰɨ	tʰatʃʰɯɴ	tʰatʰɯɴ	tʰatʰɯn	tʰaʔ	tʰatʰsɯ	tʰatʰsɯ	tʰatʰsɯ
bite_1	?	?	kʰuːɾi	kʰuːdzɯɴ	kʰuːdzɯɴ	kʷuːɾɯɴ	kʰuːdzɯɴ	ɸuː	çoːsɨɴ	ɸuɯɴ	?	?	?	?	?
bite_2	kʰam	kʰam	?	?	?	?	?	?	?	?	kʰamɯn	kʰan	?	?	?
back_1	?	?	?	?	?	?	?	?	?	?	?	?	?	?	çedakʰa
back_2	?	?	?	?	?	?	?	?	?	?	?	ɯɕitʰo	?	?	?
back_3	ʃe	ʃe	?	?	?	?	?	?	?	?	?	?	ɕenakʰa	ɕenakʰa	?
back_4	?	?	xɯʃi	?	ɸuʃiɴdzaː	ɸuʃii	kʰɯʃi	kʰɯsamɲi	kʰɯsɨ	kʰɯʃinakʰa	kʰutʃʰibɯɲi	?	gotʰdzaː	?	?
back_5	?	?	?	kʰadzɨɨ	?	?	?	?	?	?	?	?	?	?	?
back_6	?	?	?	?	?	nagaːɾiː	?	?	?	?	?	?	?	?	?
wind_1	kʰadze	kʰadze	xadze	kʰadzdzɨɨ	çadi	çadziː	kʰadzi	kʰadzi	kʰadzi	kʰadzi	kʰadi	kʰaddze	kʰaʑe	kʰadʑe	kʰaddze
smoke_1	kʰemɯɾi	kʰebɯɾi	xɨbɯʃi	kʰɨbuːsɨ	ʃiɴbɯʃi	kʰibuːʃi	kʰibɯʃi	kʰiʋsɨ	kʰibɯsɨ	kʰiboːʃi	kʰibɯntʃʰi	kʰemɯi	kʰebɯɾi	kʰemɯɾi	dzɯbɯɾi
what_1	naɲi	na	nuː	nuː	nuː	nuː	nuː	noː	noː	nuː	nuɯ	nai	?	?	aɲi
child_1	?	?	?	?	?	?	?	?	?	?	agami	?	?	?	?
child_2	kʰodomo	kʰwo	kʰwa	kʰwaː	kʰwaː	kʷwaː	kˀwa	ɸɸa	ɸaː	ɸɸa	?	kʰodon	kʰodomɯ	kʰodomo	kʰo
child_3	waɾawa	waɾapʰa	waɾabɨ	waɾɘɘ	waɾabi	waɾabɨ	waɾabi	jaɾabi	jaɾabi	jaɾabi	mʲaːɾabi	?	?	?	?
egg_1	tʰamago	?	?	?	?	?	?	?	?	?	?	tʰamago	tʰamago	tʰamago	tʰamago
egg_2	?	kʰapʰigo	?	?	?	?	?	?	?	?	kʰaiŋɯ	?	?	?	?
egg_3	?	?	xoga	kʰuːga	ɸuga	ɸugaː	kʰuːga	kʰuːga	kʰɯga	?	?	?	?	?	?
egg_4	?	?	?	?	?	?	?	?	?	kʰoːma	?	?	?	?	?
give_1	age	age	?	?	?	?	?	?	?	?	?	?	?	?	?
give_2	?	?	?	?	?	?	?	?	?	?	?	?	?	dzaɾɯ	?
give_3	?	?	kʰɯɾɨɾɯɾɨ	kʰwɨɨdzɯɴ	kʰɯɾdzɯɴ	kʷiːɾɯɴ	kʰwidzɯɴ	ɸɸiɨ	çii	ɸɸiɾɯɴ	?	kʰɯɾɯʔ	kʰɯɾɯɾɯ	?	kʰeɾɯ
give_4	?	?	?	?	?	?	?	?	?	?	tʰuɾan	?	?	?	?
new_1	atʰaɾaʃii	?	?	?	?	?	?	?	?	?	?	?	atʰaɾaɕikʰa	atʰaɾaɕikʰa	atʰaɾaɕikʰdza
new_2	?	?	miːsaɾi	miːçaɴ	miːsaɴ	miːʃeɴ	miːsaɴ	miɨkʰam	mɨːsaːɴ	miːsaɴ	?	?	?	?	?
new_3	?	ɲipʰi	?	?	?	?	?	?	?	?	?	ɲikʰe	?	?	?
burn_1	?	?	meːɾɯɾi	mɘɘdzɯɴ	mɯidzɯɴ	mɯiɾɯɴ	meːdzɯɴ	mɯiɨ	mɯi	mɯ	muiɾɯn	?	?	?	?
burn_2	jakʰe	jakʰe	?	?	?	?	?	?	?	?	?	?	?	?	?
not_1	?	?	aɴ	aɴ	aɴnɯ	aɴ	aɴ	?	anɯ	anɯ	anɯn	n	n	n	nakʰa
good_1	joi	joʃi	itsˀdzaɾi	dzɯtʰaːçaɴ	dzɯtʰasdzaɴ	dzɯtaːʃeɴ	dzɯtʰasdzaɴ	iː	?	?	?	dzokʰa	dzokʰa	dzokʰa	dzokˀdza
good_2	?	?	?	?	?	?	?	?	misdzaːɴ	misaɴ	nsan	?	?	?	?
know_1	ʃiɾ	ʃiɾ	ʃiçdzɯɾi	?	ʃitsˀdzɯɴ	ʃitsˀɯɴ	ʃitsˀdzɯɴ	sɨːdzibɯɨ	siɴ	sdzeːɴ	tsˀun	ɕiʔ	ɕiɾɯ	ɕiɾɯ	ɕokʰdza
know_2	?	?	?	ʔatʰɘɘçaɴ	?	?	?	?	?	?	?	?	?	?	?
knee_1	çidza	pʰidza	?	?	?	?	?	?	?	?	?	çiddza	çiddza	çiddza	?
knee_2	?	?	tʃʰɨbɯʃi	tʃʰɨɴsdza	tʃʰiɴʃi	tʃʰiɴʃi	tʃʰiɴʃi	tʃʰɨgɯsɨ	tʃʰɨbɯsɨ	sɯbɯʃi	nbutʃʰi	?	?	?	çiddza
sand_1	sɯna	sɯna	sɨna	sɨnaː	ʃina	ʃinaː	ʃina	?	?	?	tsˀinan	ddzɯna	sɯna	sɯna	sɯna
sand_2	?	?	?	?	?	?	?	mnagɯ	?	?	?	?	?	?	?
sand_3	?	?	?	?	?	?	?	?	inoː	inoɴ	?	?	?	?	?
laugh_1	waɾaw	?	waɾaɯɾi	waɾodzɯɴ	waɾeɴ	waɾeɴ	waɾadzɯɴ	baɾoː	baːɾoːɴ	baɾaɯɴ	baɾɯn	waɾɯ	waɾaɯ	waɾaɯ	waɾoːwa
laugh_2	?	wem	?	?	?	?	?	?	?	?	?	?	?	?	?
hear_1	kʰikʰ	kʰikʰ	kʰikʰdzɯɾi	kʰikʰdzɯɴ	kʰikʰdzɯɴ	ʃitʃʰɯɴ	tʃʰitʃʰɯɴ	tʃʰɨɸɯ	sɨkʰɯɴ	sɯkʰɯɴ	kˀun	kʰiʔ	kʰikʰu	kʰikʰɯ	kʰikʰɯ
soil_1	tʰɯtʰi	tʰɯtʰi	?	?	?	?	?	?	?	ʃitʃʰi	?	tʰsɯʔ	tʰsɯtʰɕi	?	tʰsɯ̥tʰɕi
soil_2	?	?	miçdza	ɴtʃʰdzaː	?	mitʃʰaː	ɴtʃʰa	mtʰa	ɴtʰa	?	ntʰa	?	?	?	?
soil_3	?	?	?	?	dɯɾɯ	?	?	?	?	?	?	?	?	?	?
soil_4	?	?	?	?	?	?	?	?	?	?	?	?	?	doɾo	?
leaf_1	ça	pʰa	ɸa	çaː	pʰaː	pʰaː	ɸaː	pʰaː	pʰaː	pʰaː	çaa	ça	ça	ça	çapˀa
red_1	akʰa	akʰa	çaːsaɾi	çaːçaɴ	aːsaɴ	ʔakʷaːʃeɴ	ʔakʰasaɴ	açaçam	akʰasaːɴ	agaːɴ	agami	akʰa	?	?	?
liver_1	kʰimo	kʰimo	kʰimo	kʰimuː	kʰimɯ	tʃʰimuː	tʃʰimɯ	tʃʰɨmɯ	kʰɨmɯ	kʰimɯ	tsˀimɯ	?	?	?	kʰimo
hide_1	?	?	?	?	?	?	?	?	?	?	?	?	?	?	nabɯɾeɾɯ
hide_2	kʰakʰɯɾe	kʰakʰɯɾe	xakʰɯsɯɾi	kʰakˀwɨdzɯɴ	çakʰɯsdzɯɴ	çakʷɯsɯɴ	kʰakʰɯsdzɯɴ	kʰaɸɯsɨː	kʰakʰɯsɨɴ	kʰakʰɯsɯɴ	kʰagɯn	kʰakʰɯɾɯʔ	kʰakʰɯɾɯɾɯ	kʰakʰɯɾɯɾɯ	?
skin_1	kʰawa	kʰapʰa	xo	kʰoː	çoː	çaː	kʰaː	kʰaː	kʰaː	kʰaː	?	kʰaː	kʰawa	kʰawa	kʰawa
skin_2	?	?	?	?	?	?	?	?	?	?	çada	?	?	?	?
suck_1	sɯw	sɯpʰ	ʃibɯɾɯɾi	sɨɨdzɯɴ	ʃipʰɯdzɯɴ	ʃiɸuːɾɯɴ	ʃipʰɯdzɯɴ	sɨpʰɨː	sɨpˀɨɾɯɴ	sɯɯɴ	pˀɯn	sɯː	sɯː	sɯː	sɯː
carry_1	motʰ	motʰ	mɯtʃʰikʰɯɾi	?	?	mɯtʃʰɯɴ	?	?	mɯtʃʰɯɴ	?	?	?	motˀekʰɯ	?	?
carry_2	?	?	?	çakʰobdzɯɴ	nakʰɯdzɯɴ	?	çakʰɯbɯɴ	?	?	çakʰɯbɯɴ	kʰɯjan	çakʰoʔ	?	çakʰobɯ	çakʰobɯ
ant_1	?	?	?	?	?	?	?	?	?	?	?	?	?	?	çidzaɕime
ant_2	aɾi	aɾi	?	?	?	ʔai	ʔai	açaːɨ	aːɾa	aːɾɯ	aja	sɯai	idzaɾi	aɾi	?
ant_3	?	?	ʔami	ʔamɨɨ	aɴkʰɯ	?	?	?	?	?	?	?	?	?	?
heavy_1	omoi	omoʃi	ʔɯbɯsaɾi	ʔoboːçaɴ	ɯɴsaɴ	ʔɯbɯʃeɴ	ʔɴbɯsaɴ	ʋʋkʰam	ɴbɯsaːɴ	ɴboːɴ	?	obi	omɯkʰa	omɯtʰakʰa	omokʰdza
heavy_2	?	?	?	?	?	?	?	?	isaːɴ	?	insan	?	?	?	?
heavy_3	?	?	?	?	?	?	?	?	?	gɯɸɸaɴ	?	?	?	?	?
take_1	tʰoɾ	tʰoɾ	θɯɾɯɾi	tʰɯdzɯɴ	tʰɯdzɯɴ	tʰɯɴ	tʰɯdzɯɴ	tʰɯɨ	tʰɯɾɯɴ	tʰɯɾɯɴ	tʰuɾɯn	tʰoʔ	tʰoɾɯ	tʰoɾɯ	tʰoɾɯ
old_1	ɸuɾɯ	pʰɯɾɯ	ɸuɾɯsaɾi	ɸuɾuːçaɴ	pʰɯɾɯsaɴ	pʰɯɾɯʃeɴ	ɸuɾɯsaɴ	ɸɯɾɯkʰam	ɸɯɾɯsaːɴ	ɸɸoːɴ	ɸuɾɯmi	ɸɯɾi	ɸɯɾɯkʰa	ɸɯɾɯkʰa	ɸɯɾɯɕikʰdza
eat_1	tʰabe	?	?	?	kʰoɾeɴ	kʷeɴ	?	?	?	?	?	?	?	?	?
eat_2	?	?	xamɯɾi	kʰamdzɯɴ	?	?	kʰamɯɴ	?	?	?	?	?	?	?	kʰamɯ
eat_3	?	kʰɯpʰ	?	?	?	?	?	ɸoː	ɸoːɴ	ɸɸaɯɴ	çun	kʰɯː	kʰɯː	kʰɯː	?
eat_4	?	?	?	?	kʰoɾeɴ	kʷeɴ	?	?	?	?	?	?	?	?	?
thigh_1	momo	momo	momo	mɯmuː	mɯmɯ	mɯmuː	mɯmɯ	mɯmɯ	mɯmɯ	mɯmɯtˀaɾa	mumɯ	momo	momo	momodoː	momo
thick_1	?	?	?	?	?	?	?	?	?	?	?	ɸutʰe	ɸutʰokʰa	ɸutʰokʰa	ɸutʰokʰdza
thick_2	atʰɯi	atʰɯʃi	ʔatʃʰisdzaɾi	ʔatʃʰɨɨçaɴ	?	çatʃʰiʃeɴ	ʔatʃʰisaɴ	?	atsˀaːɴ	atʃʰaɴ	atʃʰan	?	?	?	?
thick_3	?	?	?	?	ɯpʰisdzaɴ	?	?	ɯpʰɯsɨdzɨkʰam	?	?	?	?	?	?	?
long_1	naga	naga	nagasaɾi	nagaːçaɴ	nagasaɴ	nagaːʃeɴ	nagasaɴ	naːçam	naːsaːɴ	naːɴ	?	nage	nankʰa	nankʰa	nangakʰdza
blow_1	ɸukʰ	pʰɯkʰ	ɸukʰɯɾi	ɸukʰdzɯɴ	pʰɯkʰdzɯɴ	pʰɯtʃʰɯɴ	ɸutʃʰɯɴ	ɸɸɯ	ɸɯkʰɯɴ	ɸukʰɯɴ	kˀun	ɸɯʔ	ɸukʰɯ	ɸukʰɯ	ɸɯkʰowa
wood_1	kʰi	kʰwi	xɨ	kʰɨɨ	ʃii	kʰiː	kʰiː	kʰiː	kʰiː	kʰiː	kʰii	kʰi	kʰi	kʰi	kʰi
run_1	?	?	?	?	?	?	?	?	?	?	aitʰaɾaʃikʰiɾɯn	?	?	?	?
run_2	çaʃiɾɯ	pʰaʃiɾ	çaʃiɾɯɾi	çasɨdzɯɴ	tʃʰdzaːdzɯɴ	pʰaɴ	çadzɯɴ	pʰiɨ	?	pʰatsˀaːsɯɴ	?	çaɕiʔ	çaɕiʔ	çaɕiɾɯ	çaɕiɾɯ
run_3	?	?	?	?	?	?	?	dɯmiɸɯ	?	?	?	?	?	?	?
run_4	?	?	?	?	?	?	?	?	kʰakʰitʃʰɨkʰi	kʰakʰitsˀaːsɯɴ	?	?	?	?	?
fall_1	otʰi	otʰi	ʔɯθɨɾɯɾi	çaɴtʰɨdzɯɴ	ɯtʰdzɯɴ	ɸutiɾɯɴ	ʔɯtʰidzɯɴ	ɯtʰiɨ	ɯtʰi	ɯtʰ	utʰiɾɯn	otʰsɯʔ	otʰɕiɾɯ	otʰsɯɾɯ	otʰeɾɯ
eye_1	me	me	mɨ	mɨɨ	miː	miː	miː	miː	miː	miː	mii	me	me	me	manakʰo
ash_1	çai	pʰapʰi	ɸe	ʔakʰuː	pʰai	pʰeː	ɸeː	?	pʰai	pʰai	çigɯn	çeː	çdzaː	çai	çeː
tail_1	?	wo	?	?	?	?	?	?	buː	?	?	?	?	?	opˀa
tail_2	ʃipˀo	?	dzɯbɯ	dzdzuː	duː	dzuː	dzuː	dzɨː	dzuː	dzuː	dɯnpʰaɲi	ɕiːbo	ɕiɾbo	ɕipˀo	?
dog_1	inɯ	inɯ	ʔiɴ	ʔiɴ	inɯ	ʔiɴnɯkʷwaː	ʔiɴ	in	iɴ	iɴ	inɯ	in	in	in	inɯme
cry_weep_1	nakʰ	nakʰ	naxdzɯɾi	nakʰdzɯɴ	nakʰdzɯɴ	natʃʰɯɴ	natʃʰɯɴ	naɸɯ	nakʰɯɴ	nakʰɯɴ	nagɯn	naʔ	nakʰɯ	nakʰɯ	nakʰɯ
tie_1	mɯsɯb	mɯsɯb	mɯsɯbɯɾi	?	mɯsɯbdzɯɴ	mɯsɯɯbiɴ	mɯsɯbɯɴ	sɨmaɨ	mɯsɯbɯɴ	mɯsɯbɯɴ	dun	mɯsɯʔ	mɯsɯbɯ	mɯsɯbɯ	mɯsɯbɯ
tie_2	?	?	?	kʰɯidzɯɴ	?	?	?	?	?	?	?	?	?	?	?
see_1	mi	mi	mdzɯ	ndzɯɴ	mdzɯɴ	mdzɯɴ	ɴdzɯɴ	miːɨ	miː	miɾɯɴ	naɾiɾɯn	miʔ	miɾɯ	miɾɯ	miɾɯ
sweet_1	amai	amaʃi	ʔamasaɾi	?	amasaɴ	ʔamaːʃeɴ	ʔamasaɴ	adzɨmaçam	adzɨmasaːɴ	adzimaːɴ	aman	ame	amakʰa	amakʰa	amakʰdza
sweet_2	?	?	?	dzotʰokʰdzoɾoːçaɴ	?	?	?	?	?	?	?	?	?	?	?
rope_1	nawa	napʰa	?	?	?	?	?	?	?	?	?	nawa	nawa	nawa	noː
rope_2	?	?	tʃʰɨna	tʃʰɨnaː	tʃʰina	tʃʰinaː	tʃʰina	tʃʰɨna	tʃʰɨna	ʃina	na	tʰsɯna	tʰsɯna	tʰsɯna	tʰsɯna
shade_1	kʰage	kʰage	xage	kʰaːgɨ	çagi	çagi	kʰaːgaː	kʰaːgi	kʰagi	kʰai	kʰaŋi	kʰage	kʰage	kʰage	kʰage
bird_1	tʰoɾi	tʰoɾi	θɯɾi	tʰɯi	tʰɯi	tʰɯi	tʰɯi	tʰɯɨ	tʰɯɾɨ	tʰɯɾɯ	?	tʰoi	tʰoɾi	tʰoɾi	tʰoɾime
bird_2	?	?	?	?	?	?	?	?	?	?	çatʰɯ	?	?	?	?
salt_1	ʃio	ʃipʰo	?	?	?	?	?	?	?	?	?	ɕio	ɕio	ɕiwo	ɕio
salt_2	?	?	masdzɯ	maːsdzɯ	masdzɯ	masɯ	maːsdzɯ	maːsɨ	maːsɯ	maːsɯ	masɯ	?	?	?	?
small_1	?	?	?	?	?	?	?	?	?	?	?	?	?	?	nekˀokʰdza
small_2	tʰiːsai	tʰipʰisaʃi	?	?	?	?	?	?	?	?	?	?	?	?	?
small_3	?	?	ʔdzenasaɾi	?	iɴsaɴ	?	?	imikʰam	?	?	?	?	?	?	?
small_4	?	?	?	gɯndzaːçaɴ	?	gɯmaːʃeɴ	gɯmasaɴ	?	gɯmasaːɴ	gɯmaːɴ	guman	kʰome	kʰomankʰa	kʰomakʰa	nekˀokʰdza
wide_1	çiɾo	pʰiɾo	?	?	?	?	?	?	?	?	?	çiɾe	çiɾokʰa	çiɾokʰa	çiɾokʰdza
wide_2	?	?	ɸɨsaɾi	?	ɯpʰisdzaɴ	?	?	ɯpʰɯkʰam	?	?	?	?	?	?	?
wide_3	?	?	?	ɸutʰɘɘçaɴ	?	?	?	?	?	?	?	?	?	?	?
wide_4	?	?	?	?	?	magiʃeɴ	magisaɴ	?	maisdzaːɴ	maidzaɴ	maisan	?	?	?	?
star_1	çoʃi	pʰoʃi	ɸuʃi	ɸusɨɨ	pʰɯʃi	pʰɯʃii	ɸuʃi	pʰɯsɨ	pʰɯsɯ	pʰɯʃi	çutʃʰi	çoɕ	çoɕi	çoɕi	çoɕi
in_1	nakʰa	nakʰa	naça	naː	nɯnaː	?	naːkʰa	naça	nakʰa	nakʰa	naga	nakʰa	nakʰa	nakʰa	nakʰa
hard_1	?	?	xoçasaɾi	kʰwaːçaɴ	ɸupʰasaɴ	ɸuɸaːʃeɴ	?	kʰɯpʰaçam	kʰoːsaːɴ	kʰoːɴ	?	?	?	?	?
hard_2	kʰatʰa	kʰatʰa	?	?	?	?	kʰatʰasaɴ	?	?	?	kʰatʰan	kʰatʰe	kʰatʰakʰa	kʰatʰakʰa	kʰatʰakʰdza
crush_1	çikʰ	?	çikʰdzɯɾi	sɨkʰdzɯɴ	pʰikʰdzɯɴ	pʰitʃʰɯɴ	?	pʰiɸɯ	pʰɨkʰɯɴ	pʰikʰɯɴ	?	?	?	?	?
crush_2	?	tʰɯkʰ	?	?	?	?	?	?	?	?	kˀɯn	tʰsɯʔ	tʰsɯkʰɯ	tʰsɯ̥kʰɯ	tʰsɯkʰɯ
crush_3	?	?	?	?	?	?	naɾasdzɯɴ	?	?	?	?	?	?	?	?
mountain_1	jama	jama	?	dzamaː	dzama	?	?	dzama	dzama	dzama	dama	dzama	dzama	dzama	dzama
mountain_2	?	?	?	?	?	?	mɯi	?	?	?	?	?	?	?	?
mountain_3	?	?	?	?	?	saɴboɾ	?	?	?	?	?	?	?	?	?
mountain_4	?	?	θeçe	?	?	?	?	?	?	?	?	?	?	?	?
sit_1	sɯwaɾ	?	?	?	?	?	?	?	?	?	?	sɯwaʔ	sɯwaɾɯ	sɯwaɾɯ	sɯwaɾɯ
sit_2	?	?	?	?	?	?	?	?	?	?	ntʰuɾɯn	?	?	?	?
sit_3	?	wi	içdzɯɾi	itʃʰdzɯi	bitsˀdzɯɴ	itsˀɯɴ	itʃʰoːɴ	bɨdziːdɯbɯɨ	bɨɾiɴ	biɾibeː	?	?	?	idoɾɯ	?
nail_1	tʰɯme	tʰɯme	tʃʰɨmɨ	tʃʰɨmɨɨ	tʃʰimi	tʃʰimiː	tʃʰimi	tʃʰɨmi	tʃʰɨmi	ʃimi	nmi	tʰsɯme	tʰsɯme	tʰsɯme	tʰsɯme
throw_1	nage	nage	nagɨɾɯɾi	nagɨdzɯɴ	nagdzɯɴ	nagiɾɯɴ	nagidzɯɴ	nagiɨ	naɴgi	naɴg	naŋiɾɯn	nagɯʔ	nagɯɾɯ	nagɯɾɯ	nageɾɯ
throw_2	?	?	?	?	?	?	?	tʰiʋ	?	?	?	?	?	?	?
three_1	mitˀɯ	mitʰɯ	miːtʃʰɨ	miːtʃʰɨ	miːtʃʰi	miːtʃʰi	miːtʃʰi	miːtʃʰɨ	miːtʃʰɨ	miːtʃʰi	miitʃʰi	mitsɯ	mitsu	miːtʰsɯ	mitsɯ
right_1	migi	migi	ɲigiɾi	ɲigiːɾɨ	migiː	dzɯɾiː	ɲidziɾi	miːtʃʰɨ	neːɾa	ɲiiɾi	nidi	miʔ	migi	migi	migi
wash_1	aɾaw	aɾapʰ	ʔaɾaɯɾi	ʔaɾodzɯɴ	aɾeɴ	ʔaɾeɴ	ʔaɾadzɯɴ	aɾoː	aːɾoːɴ	aɾaɯɴ	aɾɯn	aɾɯ	aɾaɯ	aɾaɯ	aɾaowa
grasp_1	ɲigiɾ	ɲigiɾ	?	?	?	?	?	?	?	?	?	?	?	?	?
grasp_2	tʰɯkʰam	tʰɯkʰam	tʃʰɨkʰamɯɾi	tʃʰɨkʰamdzɯɴ	tʃʰikʰamdzɯɴ	ʃikʷaːmiɴ	kʰatʃʰimidzɯɴ	tʃʰɨkʰam	tʃʰɨkʰamɯɴ	sɨkʰamɯɴ	kʰatʃʰimiɾɯn	tʰsɯ̥kʰamɯʔ	tʰokʰameɾɯ	tʰsɯ̥kʰamɯ	tʰsɯkʰamowa
branch_1	eda	e	dzoda	dzɯdaː	dzɯda	dzɯdaː	dzɯda	dzɯda	dzɯda	dzɯda	duda	dzeda	dzeda	eda	dzeda
man_1	?	?	?	?	?	?	?	?	?	?	?	?	?	?	onokʰogo
man_2	otʰokʰo	wo	?	?	?	?	?	?	?	?	?	otʰokʰo	otʰokʰo	otʰokʰo	?
man_3	?	?	dzeɴga	iɴgaː	ɸuiga	ikʷigaː	wikʰiga	bikʰidɯm	bigidɯɴ	bigidɯmɯ	binga	?	?	?	?
raw_1	nama	nama	nama	namamɯɴ	nama	namaː	nama	nama	nama	nama	nama	nama	nama	nama	nama
tomorrow_1	aʃitʰa	asɯ	ʔaçdza	ʔatʃʰdzaː	atsˀdzaː	çatʃʰaː	ʔatʃʰa	atʃʰa	atsˀa	atʃʰa	atʰa	aɕitʰa	aɕitʰa	aɕitʰa	asɯ
two_1	ɸutʰatʰɯ	pʰɯtʰatʰɯ	tʰaːtʃʰɨ	tʰaːtʃʰɨ	tʰaːtʃʰi	taːtʃʰi	tʰaːtʃʰi	ɸɯtʰaːtʃʰɨ	ɸɯtʰaːdzɨ	ɸutʰaːtʃʰi	tˀaːtʃʰi	ɸɯtʰaʔ	ɸutʰatʰsɯ	ɸutʰatʰsɯ	ɸutʰatʰsɯ
bottom_1	ʃitʰa	ʃitʰa	?	?	?	?	?	?	?	?	?	?	?	?	?
bottom_2	?	?	sɯxɯ	sdzɯkʰuː	ʃikʰi	sɯkʷuː	sɯkʰɯ	sɯkʰɯ	sɯkʰɯ	sɯkʰɯ	sɯgɯ	sokʰo	sokʰo	sokʰo	sokʰo
lie_down_1	ne	?	dzɯxɯnaçdzɯɾi	dzɯkʰuːtʰɯɴ	ɯtʃʰikʰatʰɯɴ	nagaːkʷɯnattɯɴ	?	?	?	?	?	?	?	?	?
lie_down_2	?	kʰoi	?	?	?	?	?	?	?	?	?	?	?	?	?
lie_down_3	?	?	?	?	?	?	nagaboːisoːɴ	naːmbiːdzibɯɨ	kʰatʰaɴgiɴ	naːpʰaisɯɴ	dɯgɯtʰai	?	?	?	?
snake_1	?	?	?	?	?	?	?	?	?	?	tʰugaɾa	?	?	?	?
snake_2	?	?	nagamɯɴ	madzdzɯɴ	nagamɯnɯ	nagaːmɯɴ	nagamɯɴ	?	naːmɯɴ	naːmɯnɯ	?	?	?	?	?
snake_3	çebi	pʰemi	?	?	?	?	?	pʰaʋ	?	?	?	çeʔ	çebi	kʰutʰɕinawa	çebime
cloud_1	kʰɯmo	kʰɯmo	kʰɯmo	kʰɯmoː	kʰɯmɯ	kʷɯmuː	kʰɯmɯ	ɸɯmɯ	ɸɯmɯ	ɸumɯ	nmu	kʰɯmo	kʰɯmo	kʰɯmo	kʰɯmo
year_1	tʰoʃi	tʰoʃi	θɯʃi	tʰɯsɨɨ	tʰɯʃi	tʰɯʃii	tʰɯʃi	tʰɯsɨ	tʰɯsɨ	tʰɯʃi	tʰutʃʰi	tʰoɕ	tʰoɕi	tʰoɕi	tʰoɕi
tear_1	jabɯɾ	jabɯɾ	dzaɾɯɾi	tʃʰɨsdzakʰdzɯɴ	dzadzɯɴ	dzaɴ	dzadzɯɴ	dzabɯɨ	dzaɾɯɴ	dzaɾɯɴ	nuda	dzabɯʔ	dzabɯɾɯ	dzabɯɾakʰasɯ	?
tear_2	?	?	?	?	?	?	?	?	?	?	?	?	?	?	çitˀɕabakʰɯ
ask_1	?	?	?	?	?	?	?	?	?	?	?	tʰanon	tʰanomɯ	tʰanomɯ	tʰanomɯ
ask_2	?	?	?	?	kʰikʰdzɯɴ	ʃitʃʰɯɴ	?	tʃʰɨɸɯ	?	sɯkʰɯɴ	kˀun	?	?	?	?
ask_3	tʰow	tʰwopʰ	?	?	?	?	?	?	?	?	?	?	?	?	?
ask_4	?	?	θaɴneɾɯɾi	tʰaɴnɘdzɯɴ	?	tʰadzɯɲiɴ	tʰuːdzɯɴ	?	tʰadzɨɲi	?	?	?	?	?	?
weave_1	oɾ	oɾ	ʔɯɾɯɾi	ʔɯdzɯɴ	ɯdzɯɴ	ʔɯɴ	ʔɯdzɯɴ	ɯɨ	ɯɾɯɴ	ɯɾɯɴ	uɾɯn	oʔ	oɾɯ	oɾɯ	oɾɯ
at_1	?	?	ɴtʰɨ	naɴtʰɨ	noɴtʰi	neːti	?	?	?	naːtʰi	?	?	?	?	?
at_2	ɲi	ɲi	?	?	?	?	?	n	?	?	ɲi	?	?	?	?
at_3	?	?	?	?	?	?	?	?	ɴgaɾi	?	?	?	?	?	?
at_4	?	?	?	?	?	?	ɯtʰi	?	?	?	?	?	?	?	?
edge_1	?	?	?	?	?	?	?	?	?	?	?	?	?	?	tʰsɯno
edge_2	?	?	bɯtʃʰi	?	?	?	?	?	?	?	?	?	?	?	?
edge_3	çaʃi	pʰaʃi	?	ʔaɴdzdza	pʰaʃi	pʰaʃii	çaɴtʰa	pʰatʰa	pʰaɴtʰa	pʰaɴtʰa	çatʃʰi	çaɕ	çaɕi	çaɕi	?
chin_1	ago	?	?	?	?	?	?	?	?	?	?	ago	ago	agotʰoː	agɯ
chin_2	?	otʰogapʰi	ʔoθogɨ	ʔɯtʰɯgɘɘ	ɯtʰɯgai	ɸutɯgeː	ʔɯtʰɯgeː	ɯtʰɯgaɨ	ɯtˀai	ɯtʰɯgai	kʰagɯdi	?	?	?	?
play_1	asob	aswob	ʔasɨbɯɾi	ʔasɨbdzɯɴ	aʃibdzɯɴ	çaʃiibiɴ	ʔaʃibɯɴ	asɨbɨː	asabɯɴ	asabɯɴ	anbɯn	asɯʔ	asɯbɯ	asɯbɯ	asɯbɯ
cheek_1	?	?	?	?	?	?	?	kʰamatʃʰɨ	kʰamatʃʰɨ	?	kʰamatʰi	?	?	?	?
cheek_2	?	?	tʃʰɨɾa	tʃʰɨɾaɴtʰɯsɨɨ	?	ɸuɯdziɾaː	ɸuɯdziɾa	?	?	?	?	?	?	?	?
cheek_3	çoço	pʰopʰo	?	?	?	?	?	?	?	?	?	ɸɯ	çobetʰa	çoːtʰan	çopˀetʰa
pus_1	ɯmi	ɯmi	ʔɯmi	ʔɯmiː	ɯɴtʃʰdzɯ	ʔɯmiː	ʔɴmi	ɯnkʰɯ	ɯɴkʰɯ	ɯɴkʰɯ	ɯntʰɯ	ɯn	ɯmi	ɯmi	ɯmi
fly_2	tʰob	tʰob	θɯbɯɾi	tʰɯbdzɯɴ	tʰɯbdzɯɴ	tʰɯbiɴ	tʰɯbɯɴ	tʰɯbɨː	tʰɯbɯɴ	tʰɯbɯɴ	tʰubɯn	tʰoʔ	tʰobɯ	tʰobɯ	tʰobɯ
hole_1	ana	ana	?	?	ana	ʔanaː	?	ana	?	ana	ananpʰɯ	ana	ana	ana	ana
hole_2	?	?	mɨ	mɨɨ	?	miː	miː	miː	miː	?	?	?	?	?	?
grow_1	?	?	?	?	?	?	?	?	?	?	?	sodaʔ	sodatʰsɯ	sodatʰsɯ	?
grow_2	?	?	?	?	?	?	?	?	?	?	ɸudɯɾɯn	?	ɸɯtʰoɾɯ	ɸutʰoɾɯ	?
grow_3	çae	?	?	?	?	?	?	?	?	?	?	?	?	?	?
grow_4	?	opʰwi	?	?	?	?	?	ɯiɨ	?	?	?	?	?	?	bowkʰɯnaɾɯ
grow_5	?	?	meːɾɯɾi	mɨɨdzɯɴ	mɯidzɯɴ	mɯiɾɯɴ	miːdzɯɴ	?	mɯi	mɯ	?	?	?	?	?
grow_6	ɯɾe	ɯɾe	?	?	?	?	?	?	?	?	?	?	?	?	?
head_1	atʰama	?	?	?	?	?	?	?	?	?	?	atʰama	atʰama	?	?
head_2	?	kʰaʃiɾa	?	?	?	?	?	?	?	?	?	?	?	?	?
head_3	?	?	xamatʃʰi	?	?	?	?	kʰanamaɨ	?	?	?	?	?	?	?
head_4	?	?	?	kʰaɾaːdzɨ	ɸuɾadzi	?	?	?	?	?	?	?	?	?	?
head_5	?	?	?	?	?	tʃʰiɴbɯ	tʃʰibɯɾɯ	?	tʃʰɨbɯɾɨ	sɯbɯɾɯ	?	ddzɯ	?	?	tʰsɯbɯɾi
head_6	?	?	?	?	?	?	?	?	?	?	minbɯɾɯ	?	?	?	?
belly_1	?	?	waθa	watʰaː	watʰa	wataː	watʰa	batʰa	bada	batʰa	batʰa	?	?	?	?
belly_2	çaɾa	pʰaɾa	?	?	?	?	?	?	?	?	?	çaɾa	çaɾa	çaɾa	çaɾa
shoulder_1	?	?	?	?	?	?	?	?	?	?	?	?	?	?	kʰeːna
shoulder_2	kʰatʰa	kʰatʰa	xaθa	kʰatʰaː	çatʰa	çataː	kʰatʰa	kʰatʰamɯsɨː	kʰatʰa	kʰatʰa	kʰatʰabɯɾɯtʃʰi	kʰatʰa	kʰatʰa	kʰatʰa	?
claw_1	tʰɯme	tʰɯme	tʃʰɨmɨ	tʃʰɨmɨɨ	tʃʰimi	tʃʰimiː	tʃʰimi	tʃʰɨmi	tʃʰɨmɨ	ʃimi	nmi	tʰsɯme	tʰsɯme	tʰsɯme	tʰsɯme
which_1	doɾe	idɯɾe	dɨɾɯ	dɨɴ	idɯ	tʃʰanɯ	dziɾɯ	ndzi	dziɾi	nuː	ndi	doi	doɾɯ	doɾe	doi
dig_1	çoɾ	pʰoɾ	ɸuɾɯɾi	ɸudzɯɴ	pʰɯdzɯɴ	pʰɯɴ	ɸudzɯɴ	pʰɯɨ	pʰɯɾɯɴ	pʰɯɾɯɴ	çuɾɯn	çoʔ	çoɾɯ	çoɾɯ	çoɾɯ
dig_2	ɯgatʰ	ɯkʰatʰ	?	?	?	?	?	?	?	?	?	?	?	?	?
pull_1	çikʰ	pʰikʰ	çikʰdzɯɾi	sdzɯkˀdzɯɴ	pʰikʰdzɯɴ	pʰitʃʰɯɴ	ɸitʃʰɯɴ	pʰɨɸɯ	pʰɨkʰɯɴ	pʰikʰɯɴ	kˀun	çi̥ʔ	çi̥pˀaɾɯ	çi̥kʰɯ	çi̥kʰowa
hot_1	?	?	?	?	?	?	?	?	?	?	?	?	nɯkˀa	nɯkˀa	?
hot_2	atʰɯi	atʰɯʃi	ʔatʃʰɨsaɾi	ʔatsˀɨːçaɴ	atʃʰisaɴ	çatʃʰiʃeɴ	ʔatʃʰisaɴ	atʃʰɨkʰam	atsˀaːɴ	atʃʰaɴ	atʃʰan	atʰɕi	atʰɕiː	atʰsɯ̥kʰa	?
hot_3	?	?	?	?	?	?	?	?	?	?	?	?	?	?	ɕaɕakʰdza
firewood_1	?	?	?	?	?	?	?	?	?	?	?	?	?	?	gomi
firewood_2	tʰakʰigi	?	?	?	?	?	?	?	?	?	?	?	?	?	?
firewood_3	?	?	?	tʰoɴ	tʰamɯnɯ	tʰamuːnɯ	tʰamɯɴ	tʰamɯnɯ	tʰamɯnɯ	tʰamɯnɯ	tʰimɯnɯ	tʰabbon	tʰakʰɯmon	tʰakʰimon	?
firewood_4	?	ʃiba	?	?	?	?	?	?	?	?	?	?	?	?	?
firewood_5	?	?	meːʃigɨ	?	?	?	?	?	?	?	?	?	?	?	?
remain_1	nokʰoɾ	nokʰoɾ	noçoɾɯɾi	noːdzɯɴ	nɯkʰoːdzɯɴ	noːɾɯɴ	nɯkʰɯdzɯɴ	nɯkʰɯɨ	nɯkʰɯɾɯɴ	nɯkʰaɾɯɴ	?	nokʰoʔ	?	?	?
remain_2	?	?	?	?	?	?	?	?	?	?	tʰɯdimaɾɯn	?	?	?	?
cold_1	samɯi	samɯʃi	?	?	?	?	?	?	?	?	?	sami	sankʰa	samɯkʰa	?
cold_2	?	?	çigɯɾɯsaɾi	sɨgdzoɾoːçaɴ	?	?	?	?	?	?	?	?	?	?	?
cold_3	?	?	?	?	pʰiːsaɴ	pʰiːʃeɴ	ɸiːsaɴ	pʰiʃikʰam	pʰiːsdzaːɴ	pʰiːdzaɴ	çîsan	?	?	?	çdzakˀokʰdza
cold_4	tʰɯmetʰai	?	?	?	?	?	?	?	?	?	?	?	?	?	?
cold_5	?	?	?	?	?	?	?	?	?	?	?	tʰɕintʰe	tʰsɯmetʰakʰa	?	?
feather_1	çane	pʰane	çane	çanɨɨ	pʰaɲi	pʰaɲii	çaɲi	pʰaɲi	pʰaɲi	pʰaɲi	çaɲi	çanege	?	?	?
cough_1	?	?	?	?	saɸuisdzɯɴ	saɸuisɯɴ	sakˀwiːsdzɯɴ	isaguːasɨ	saːgɯsɨɴ	saːkʰɯsɯɴ	sutʰi	?	?	?	?
cough_2	?	ʃipʰabɯkʰ	?	?	?	?	?	?	?	?	?	?	?	?	?
cough_3	ʃekʰiwoʃe	?	ʔikʰigiɾɯɾi	sdzɘɘtʃʰɨtsˀdzɯɴ	?	?	?	?	?	?	?	ʃeʔ	?	ɕekʰi	ɕikʰi
thin_1	?	?	?	?	?	?	?	?	?	?	?	ɯɕi	ɯsɯ̥kʰa	ɯsɯkʰa	ɯsɯkʰdza
thin_2	çosoi	pʰosoʃi	?	?	?	?	?	?	?	?	?	?	?	?	?
thin_3	?	?	ʔdzenasaɾi	ɸɨsɨɨçaɴ	pʰisaɴ	pʰiʃiʃeɴ	ɸisaɴ	ʋsɨkʰam	pʰɨsaːɴ	pʰisaɴ	çîtʃʰan	?	?	?	?
grass_1	kʰɯsa	kʰɯsa	kʰɯsa	kʰɯsdzaː	kʰɯsa	kʰɯsaː	kʰɯsa	ɸɯsa	ɸɯsa	sa	tsˀaa	kʰusa	kʰusa	kʰusa	kʰusa
foam_1	awa	awa	ʔoː	ʔoːbɯkʰuː	oː	ʔaː	ʔaː	abɯkʰɯ	aːtʃʰɨbɨ	aːbɯkʰɯ	anbɯkʰɯ	bɯʔ	abɯkʰu	awa	awa
sour_1	?	ʃibɯʃi	?	?	?	?	?	?	?	?	?	?	?	?	?
sour_2	sɯi	sɯʃi	sɨːsaɾi	sdzɨɨsdzɨɨtʰɯsdzɯɴ	ʃiisdzaɴ	ʃiiʃeɴ	ʃiisaɴ	sɨʋkʰam	sɨːsaːɴ	ʃiidzaɴ	tsˀan	sɯi	sɯikʰa	sɯikʰa	sɯpˀakʰdza
full_1	man	?	?	?	?	?	?	?	?	?	?	?	?	?	?
full_2	?	mitʰi	?	miː	miː	?	miː	mtʰiːbɯɨ	?	mitʃʰibuː	?	?	?	?	?
full_3	?	?	dzonbai	?	?	dziɴbai	dziɴbai	?	ɴtʃʰeːɴ	?	nkʰun	?	?	?	?
day_1	çiɾɯ	pʰiɾɯ	çiɾɯ	sɨɾuː	pʰdzuː	ɸiɾuː	ɸiɾɯ	pʰɨːma	pʰɨːɾɨ	pʰiːɾɯ	tsˀuː	çi	çiɾɯ	çiɾɯ	çiɾɯ
sleep_1	ne	ne	nɨɸutʰɯɾi	nɨɴdɯi	ɲiɴtʰɯɴ	ɲiɴtɯɴ	ɲiɴtʰoːɴ	ɲiʋʋibɯɨ	ɲibiɴ	ɲibibeː	nindɯn	neʔ	nɯɾɯ	neɾɯ	neɾɯ
month_1	tʰɯkʰi	tʰɯkʰwi	tʃʰɨkʰi	tʃʰɨkʰiː	tʃʰikʰi	ʃitʃʰiː	tʃʰitʃʰi	tʃʰɨtʃʰɨ	tʃʰɨkʰɨ	ʃikʰi	tˀii	tʰsɯʔ	tʰsɯkʰi	tʰsɯ̥kʰi	tʰsɯ̥kʰi
white_1	ʃiɾoi	ʃiɾoʃi	ʃiɾɯsaɾi	sɨɾuːçaɴ	sdzuːsaɴ	ʃiɾɯʃeɴ	ʃiɾɯsaɴ	sɯkʰam	sɯsaːɴ	soːɴ	tsˀɯdaɾi	ɕiɾe	ɕiɾokʰa	ɕiɾokʰa	ɕiɾokʰdza
sew_1	?	?	?	?	?	?	?	?	?	?	?	?	?	?	tʰoddzɯɾɯ
sew_2	nɯw	nɯpʰ	noːɯɾi	noːdzɯɴ	nuːdzɯɴ	noːɾɯɴ	noːdzɯɴ	nuː	noːɴ	nuːɴ	nun	nɯː	nɯː	nɯː	?
kill_1	kʰoɾos	kʰoɾos	xɯsɯɾi	kʰɯsdzɯɴ	kʰɯɾɯsdzɯɴ	kʰɯɾɯsɯɴ	kʰɯɾɯsdzɯɴ	kʰɯɾasɨ	kʰɯɾasɨɴ	kʰɯɾasɯɴ	kʰuɾɯn	kʰoɾos	kʰoɾosɯ	kʰoɾosɯ	kʰoɾosɯ
kill_2	?	?	?	?	?	?	?	?	?	?	?	?	?	?	çaneɾɯ
jump_1	tʰob	tʰob	?	?	tʰɯbdzɯɴ	tʰɯnuːdzɯɴ	tʰɯnɯdzɯɴ	bɯdɯɨ	?	tʰɯbɯɴ	budɯntʃʰaɾɯn	tʰoʔ	tʰobɯ	?	tʰobɯ
jump_2	?	?	ɯdɯɾɯɾi	ɯdɯdzɯɴ	?	?	?	?	?	?	?	?	?	?	?
jump_3	?	?	?	?	?	?	?	?	madzaːɾɯɴ	?	?	?	?	?	?
jump_4	?	?	?	?	?	?	?	?	?	?	?	çanɯʔ	çanɯɾɯ	çanɯɾɯ	?
throat_1	nodo	nomidwo	nɯdɨ	nɯdɨɨ	nuːdɯi	nɯduː	nuːdiː	nɯdɯ	nɯdɯ	nɯdɯ	nudɯ	nodo	nodo	nodo	nodo
woods_1	?	?	dzama	dzamaː	dzama	dzamaː	dzama	mɯɨ	dzama	dzama	?	dzama	dzama	dzama	?
woods_2	moɾi	moɾi	?	?	?	?	?	?	?	?	mɯɾi	?	?	?	?
there_1	sokʰo	sokʰo	?	?	?	?	?	?	?	?	?	sokʰo	sokʰo	sokʰo	sokʰo
there_2	?	?	maː	ʔɯmaː	ɯma	maː	ʔɴma	ɯma	ɯma	ɯma	uma	?	?	?	?
find_1	mitʰɯkʰe	?	mɨkˀɨɾɯɾi	?	miːtʃʰikʰdzɯɴ	miɴtʃʰikʷisɯɴ	miːtʃʰikʰidzɯɴ	?	miːtʃʰɨkʰi	miʃikʰiɾɯɴ	mikʰiɾɯn	miçikʰɯʔ	mitʰsɯkʰɯɾɯ	mitʰsɯ̥kʰɯɾɯ	mitʰɕikʰeɾɯ
find_2	?	?	?	tʰɯmɘdzɯɴ	?	?	?	tʰɯmiɨ	?	?	?	?	?	?	?
flow_1	nagaɾe	nagaɾe	?	nagaɾɨdzɯɴ	nagaɾdzɯɴ	nagaːɾiɴ	nagaɾidzɯɴ	naːɾiɨ	nagaɾi	naːɾ	naɾiɾɯn	?	?	?	?
flow_2	?	?	çaɾɯɾi	?	?	?	?	?	?	?	?	?	?	?	?
many_1	?	?	?	?	?	?	?	?	tʰakʰaːɲi	tʰakʰaːɲi	?	?	?	?	?
many_2	?	?	?	dzeitʰoː	?	?	?	dzamaːçasa	?	dzamasɨkʰa	maisan	?	?	?	?
many_3	?	?	?	?	?	tʃʰasaɴ	?	daʋ	?	?	?	?	?	?	?
many_4	?	?	sdzogosdza	?	?	?	?	?	?	?	?	?	?	?	?
many_5	oːi	?	?	?	ɯpˀuːsa	?	ʔɯçoːkʰɯ	?	?	?	?	?	?	?	?
many_6	?	maneʃi	?	?	?	?	?	?	?	?	?	?	?	?	?
chew_1	kʰam	kʰam	xamɯɾi	kʰamdzɯɴ	çamdzɯɴ	çamiɴ	kʰanaːsdzɯɴ	kʰam	kʰamɯɴ	kʰaɴdzaɾɯɴ	kʰamɯn	kʰabɯɕiʔ	?	kʰadʑiɾɯ	kʰadʑiɾɯ
swallow_1	nom	nom	nɯmixɯmɯɾi	nɯɴkʰuːmdzɯɴ	nɯmiɴkʰdzɯɴ	nɯɴkʷɯmiɴ	nɯmikʰɯmɯɴ	nɯmikʰɯm	nɯɴnagɯɴ	nɯmikʰɯmɯɴ	nɯmiɯtʰɯn	non	nomɯ	nomɯ	nomɯ
wet_1	?	?	?	?	?	?	?	?	?	?	?	?	?	?	pʰeːɾɯ
wet_2	?	?	?	?	?	?	?	?	dzoɸɸeːɴ	dzoːɾibeː	?	?	?	?	?
wet_3	nɯɾe	nɯɾe	neːçdzɯɾi	?	ɲiditʰɯɴ	diːtɯɴ	ɴditʰoːɴ	mɲiibɯɨ	?	?	ngaɾɯn	nɯɾɯʔ	nɯɾɯɾɯ	nɯɾɯɾɯ	?
wet_4	?	?	?	sɨtˀaːtʰɯɴ	?	?	?	?	?	?	?	?	?	?	?
four_1	jon	jo	dzuːtʃʰɨ	dzuːtʃʰɨ	dzuːtʃʰi	dzuːtʃʰi	dzuːtʃʰi	dzuːtʃʰɨ	dzuːtʃʰɨ	dzuːtʃʰi	duːtʃʰi	dzotsɯ	dzotsu	dzotsɯ	dzotsɯ
soft_1	?	ɲikʰwo	?	?	?	?	?	?	?	?	?	?	?	?	?
soft_2	jawaɾakʰai	?	dzawaɾasaɾi	dzaːɾaçaɴ	dzapʰaɾasaɴ	dzaɸaːɾaʃeɴ	dzaɸaɾasaɴ	dzapʰaçam	dzaɸaɾasaːɴ	dzaːɾaːɴ	daɾan	dzaɾaɕi	dzabɯɾaɕikʰa	dzaokʰa	dzoːkʰokʰdza
look_1	mi	mi	mdzɯ	ndzɯɴ	mdzɯɴ	mdzɯɴ	ɴdzɯɴ	miːɨ	miː	miɾɯɴ	nun	miʔ	miɾɯ	miɾɯ	miɾɯ
nasal_mucus_1	?	?	?	?	?	?	?	?	?	?	?	çanamiʔ	?	?	çanamiddzɯ
nasal_mucus_2	?	?	?	?	?	?	çana	?	?	?	?	?	?	çana	?
nasal_mucus_3	çanakʰɯso	?	?	?	?	?	?	?	?	?	?	?	?	?	?
nasal_mucus_4	?	?	çanadaɾi	?	?	?	çanadai	pʰan	pʰanadaɾɨ	?	çanadaɾi	?	?	?	?
nasal_mucus_5	?	pʰanapʰɯkʰɯɾa	?	?	?	?	?	?	?	pʰanadɯɾɯ	?	?	çanaʑɯɾɯ	?	?
nasal_mucus_6	?	?	?	çanaːsɨɾɯ	pʰanadzdzuː	pʰanaːʃiɾuː	?	?	?	?	?	?	?	?	?
that_1	sono	so	?	?	?	?	?	?	?	?	?	son	son	sono	sono
that_2	?	?	ʔɯɴ	ʔɯɴ	ɯnɯ	ʔɯnɯ	ʔɯnɯ	ɯnɯ	ɯnɯ	ɯnɯ	?	?	?	?	?
that_3	?	kʰa	?	?	?	?	?	?	?	?	kʰaɾi	?	?	?	?
that_4	ano	?	?	?	?	?	?	?	?	?	?	?	?	?	?
cut_1	kʰiɾ	kʰiɾ	kʰiɾɯɾi	kʰidzɯɴ	kʰdzɯɴ	tʃʰiɴ	tʃʰidzɯɴ	tʃʰɨː	kʰɨsɯɴ	kʰisɯɴ	tsˀun	kʰiʔ	kʰiɾɯ	kʰiɾɯ	kʰiɾɯ
mother_1	?	?	?	?	?	?	?	?	?	?	?	kʰakʰa	kʰakʰusan	kʰaːsan	okˀa
mother_2	çaça	pʰapʰa	?	?	apʰdzaː	?	?	?	?	?	?	?	?	?	?
mother_3	?	?	?	?	?	?	?	?	bɯneː	bɯneː	abɯtʰa	?	?	?	?
mother_4	?	?	ʔaɴma	ʔaːma	?	ʔamɯ	ʔaɴma	?	?	?	?	?	?	?	?
mother_5	?	?	?	?	?	?	?	ana	?	?	?	?	?	?	?
scratch_1	kʰakʰ	kʰakʰ	xakʰi	kʰakʰdzɯɴ	kʰakʰdzɯɴ	çatʃʰɯɴ	kʰatʃʰɯɴ	kʰaɸɯ	kʰakʰɯɴ	kʰakʰɯɴ	kʰagɯn	kʰakʰadʑiʔ	kʰakʰɯ	kʰakʰɯ	kʰakʰɯ
sun_1	?	?	θeda	tʰɨɨda	tʰida	tʰidaː	tʰiːda	tʰida	tʰida	tʰida	tʰîdan	?	?	?	?
sun_2	tʰaijoɯboɾ	?	?	?	?	?	?	?	?	?	?	?	?	?	?
sun_3	?	pʰi	?	?	?	?	?	?	?	?	?	?	?	?	?
look_for_1	?	?	?	?	?	?	?	?	?	?	mikʰiɾɯn	miɕikʰɯʔ	mitʰsɯkʰɯɾɯ	mitʰsɯkʰɯɾɯ	?
look_for_2	sagas	sagɯɾ	?	?	?	?	?	?	?	?	?	?	sagasɯ̥	?	sagasɯ
look_for_3	?	?	θɯmɨɾɯɾi	tʰɯmɘdzɯɴ	tʰɯmeːdzɯɴ	tʰɯmeːɾɯɴ	tʰɯmeːdzɯɴ	tʰɯmiɨ	tʰɯmi	tʰɯmiɾɯɴ	?	?	?	?	?
brain_1	?	?	?	?	?	?	?	dzɨːnɯaʋa	dzaba	?	diːnɯanda	?	?	?	?
brain_2	?	nadɯkʰi	?	?	?	?	?	?	?	?	?	?	?	?	?
brain_3	noɯboɾ	?	noːmisɯboɾ	noːmisdzuːboɾ	noːmisdzɯboɾ	noːboɾ	noːboɾ	noːboɾ	?	noːboɾ	?	?	?	?	?
warm_1	atʰatʰakʰai	atʰatʰakʰaʃi	?	?	?	?	?	?	?	?	?	?	?	?	?
warm_2	?	?	nɯkʰɯsaɾi	nɯkˀoːçaɴ	nɯkʰɯsaɴ	nɯkʷɯʃeɴ	nɯkʰɯsaɴ	nɯɸɯkʰam	nɯɸɯsaːɴ	nɯsaɴ	nutʃʰan	nɯkʰi	nɯkˀa	nɯkˀa	nɯkʰɯtʰokʰdza
cover_1	?	?	?	?	?	?	?	?	?	kʰabasɯɴ	tˀabɯn	kʰabɯʔ	kʰabɯɾɯ	kʰamɯɾɯ	kʰabɯɾɯ
cover_2	oːw	opʰ	?	?	?	?	?	?	?	?	?	?	?	?	?
cover_3	?	?	xasɨɾɯɾi	ʔosdzodzɯɴ	ɯsɯiçabɯdzɯɴ	ɸusɯɯɾɯɴ	ʔɯsɯdzɯɴ	ɯsɯɯ	ɯsai	?	?	?	?	?	?
woman_1	ona	mʲe	onagɯ	ɯnaguː	ɸunagɯ	inaːguː	winagɯ	midɯm	miːdɯɴ	midɯmɯ	mînɯŋa	onago	onago	onago	onago
deep_1	ɸukʰai	pʰɯkʰaʃi	ɸukʰasaɾi	ɸukʰaːçaɴ	pʰɯkʰasaɴ	pʰɯkʷaːʃeɴ	pʰɯkʰasaɴ	ɸɯkʰaçam	ɸɯkʰasaːɴ	ɸukʰaːɴ	kˀan	ɸukʰe	ɸukʰakʰa	ɸukʰakʰa	ɸukʰakʰdza
above_1	ɯe	ɯpʰe	ʔwɨ	ʔwɨɨ	ɯi	ʔɯi	ʔwiː	waːɾa	ɯi	ɯi	ɯi	ɯe	ɯdze	ɯe	ɯe
female_1	mesɯ	mʲe	mɨː	mɨɨmɯɴ	miː	miːmɯɴ	miːmɯɴ	miːmɯnɯ	miːmɯnɯ	miːmɯ	miːmɯnɯ	men	mesɯ̥	metˀɕo	mesɯ
put_on_1	kʰi	kʰi	kʰiɾɯɾi	kʰidzɯɴ	kʰdzɯɴ	tʃʰɯɴ	tʃʰidzɯɴ	tsˀɨː	kʰɨsɯɴ	kʰisɯɴ	tsˀun	kʰiʔ	kʰiɾɯ	kʰiɾɯ	kʰiɾɯ
other_1	çokʰa	pʰokʰa	çoxa	ɸukʰaː	ɸutʰɯmɯnɯ	ɸukʷaː	ɸukʰa	pʰɯkʰa	ɸukʰa	ɸukʰa	çuga	çokʰa	çokʰantʰo	çokʰantʰo	çokʰano
forehead_1	çitʰai	pʰitʰapʰi	?	?	pʰitsˀdzeː	pʰitʃʰei	ɸitʃʰeː	ɸɯtʰai	ɸɯtʰai	ɸutʰai	tˀai	ɸutʰe	ɕitʰaːgɯtʰɕi	ɕitʰaigɯtʰɕi	ɕitʰai
forehead_2	?	?	metsˀdzɯ	makʰiː	?	?	mɯkʰoː	?	?	?	?	?	?	?	?
left_1	çidaɾi	pʰidaɾi	çidzdzaɾi	sɨdzdzai	pʰidzdzai	ɸidzei	ɸidzai	pʰidiɨ	pʰɨdaɾɨ	pʰidaɾi	ndai	çidai	çidaɾi	çidaɾi	çidaɾi
rise_1	agaɾ	agaɾ	ʔagaɾɯɾi	ʔagadzɯɴ	agadzɯɴ	ʔagaːɾɯɴ	ʔagadzɯɴ	aːɨ	aːɾɯɴ	agaɾɯɴ	aŋaɾɯn	agaʔ	agaɾɯ	agaɾɯ	agaɾowa
rise_2	?	?	?	?	ʔwɨçɨːdzɯm	?	ɯkʰidzɯɴ	ɯkʰiː	ɯkʰiɾɯɴ	ɯgiɾɯɴ	?	?	?	?	?
dry_1	?	?	xo	kʰoːɾatʃʰdzɯi	çoːɾatʃʰdzɯɴ	?	kʰaːɾakʰisaɴ	kʰaːɾakʰiːdɯbɯɨ	kʰaːɾagiɴ	kʰaːɾakʰibeː	kʰaɾagɯn	kʰoɾaʔ	?	?	?
dry_2	kʰawakʰ	kʰawakʰ	?	?	?	çaːtʃʰɯɴ	?	?	?	?	?	kʰaːʔ	kʰawakʰu	kʰawakʰɯ	kʰawakʰɯ
how_1	?	?	?	?	?	?	?	noːʃii	noːʃidɯ	nuːʃi	nɯgɯʃi	?	?	?	?
how_2	doɯ	ikʰa	xdzaʃi	ʔisdzɨɨ	itʃʰdzaʃi	tʃʰaɴgɯtɯ	tʃʰanɯgɯtʰɯ	?	?	?	?	dogen	doː	dogen	dogon
break_1	kʰowaɾe	?	kʰdzoːsɯɾi	kʰdzoːɾɨdzɯɴ	kʰdzoːsdzɯɴ	kʷoːsɯɴ	kʰuːsdzɯɴ	?	kʰɯbasɨɴ	kʰuːsɯɴ	?	?	?	?	?
break_2	?	jabɯɾ	?	?	?	?	?	mdaɨ	?	?	?	?	?	?	?
break_3	?	?	?	?	?	?	?	?	?	?	baɾɯn	waʔ	waɾɯ	waɾɯ	waɾɯ
where_1	dokʰo	idɯkʰɯ	daː	daː	ida	daː	maː	ndza	dzɨma	maː	nma	dokʰo	dokʰo	dokʰo	dokʰo
spin_1	mawaɾ	mwi	moːsɯɾi	moːsdzɯɴ	moːsdzɯɴ	maːsɯɴ	maːsdzɯɴ	maːsɨ	maːsɨɴ	maːsɯɴ	ɯmɯn	?	?	?	?
spin_2	?	?	?	?	?	?	?	?	?	?	?	?	dzoɾɯ	?	?
spin_3	tʰɯmɯg	tʰɯmɯg	?	?	?	?	çing	?	?	?	?	tʰsɯmɯʔ	?	tʰsɯmɯgɯ	tʰsɯmɯgɯ
ripe_1	ɯɾe	?	?	?	?	?	?	?	?	?	?	ɯɾɯʔ	ɯɾɯɾɯ	ɯɾɯɾɯ	?
ripe_2	?	naɾ	?	?	?	?	?	?	?	?	?	?	?	?	?
ripe_3	?	?	ʔɯmɯɾi	ʔɯmdzɯɴ	ɯmdzɯɴ	ʔɯmiɴ	ʔɴmɯɴ	ɯm	ɯmɯɴ	uːmɯɴ	ɯmɯn	?	?	?	ɯmɯ
lick_1	?	?	?	?	?	?	?	?	?	?	?	?	?	?	ɕabɯɾɯ
lick_2	name	name	namɨɾɯɾi	nabɯdzɯɴ	naːmdzɯɴ	namiɾɯɴ	namidzɯɴ	namm	nɯbɯɴ	nɯbeːɾɯɴ	nabindiɾɯn	namɯʔ	nebɯɾɯ	nebɯɾɯ	?
open_1	akʰe	akʰe	?	?	?	?	?	?	?	?	agiɾɯn	akʰɯʔ	akʰɯɾɯ	akʰɯɾɯ	akʰeɾɯ
open_2	?	?	çiɾaxɯɾi	çɘɘdzɯɴ	pʰɯɾakʰdzɯɴ	pʰɯɾaːtʃʰɯɴ	ɸuɾakʰidzɯɴ	pʰɯɾaɸɯ	pʰɯɾagɯɴ	ɸuɾakˀɯɴ	?	?	?	?	?
tall_1	tʰakʰaʃi	θaçasaɾi	tʰaːçaɴ	tʰakʰasaɴ	tʰakʷaːʃeɴ	tʰakʰasaɴ	tʰaːçam	tʰakʰasaːɴ	tʰakʰaːɴ	tʰagan	?	tʰakˀa	tʰakˀa	tʰakʰakʰdza	?
bad_1	waɾɯi	?	waɾɯsaɾi	wasdzaɴ	wasaɴ	waseɴ	wasaɴ	baɨkʰam	baɾasaːɴ	baɾasaɴ	baɾasan	?	?	?	?
bad_2	?	aʃi	?	?	?	?	?	?	?	dzanaːɴ	?	?	?	?	?
bark_1	kʰiçada	?	?	?	?	?	?	?	?	?	?	?	?	?	?
bark_2	?	kʰapʰa	xɨɴxo	kʰɨɴkʰoː	ʃiinɯçoː	kʰiːnɯçaː	kʰiːnɯkʰaː	kʰiːnɯkʰaː	kʰiːnɯkʰaː	kʰiːnɯkʰaː	kʰaː	kʰawa	kʰawa	kʰawa	kʰawa
breathe_1	ikʰiwoʃe	ikʰ	ʔikʰisdzɯɾi	ʔiːkʰisdzɯɴ	ikʰisdzɯɴ	ʔitʃʰisɯɴ	ʔiːtʃʰisdzɯɴ	itʃʰɨasɨ	ɨkʰɨsɨɴ	ikʰisɯɴ	itʰikʰiɾɯn	ikʰɯçaʔ	ikʰibaçakʰɯ	ikʰibasɯɾɯ	ikʰioçakʰɯ
count_1	kʰadzoe	kʰadzwopʰe	?	?	dzɯɴkʰaɴdzdzoːsdzɯɴ	?	?	?	kʰadzoːsɨɴ	?	?	kʰanddzɯʔ	kʰandʑɯɾɯ	kʰaneɾɯ	kʰandʑoːsɯ
count_2	?	?	dzɯmɯɾi	dzɯmdzɯɴ	?	?	dzɯmɯɴ	dzɯm	dzɯmɯɴ	dzɯmɯɴ	dumɯn	?	?	?	?
die_1	?	?	?	?	?	?	?	?	?	?	?	?	?	?	maɾɯbɯ
die_2	ʃinboɾ	ʃinboɾ	ʃindzɯɾiboɾ	sɨndzɯɴboɾ	ʃindzɯɴboɾ	ʃinɯɴboɾ	ʃinɯɴboɾ	sɨɲiɨ	sɨnɯɴboɾ	ʃinɯɴboɾ	niɾɯnboɾ	kʰeɕinboɾ	ɕinɯɾɯboɾ	ɕinɯ	?
dirty_1	?	?	?	?	?	?	?	?	?	?	?	?	?	ɯɾameɕikʰaːd	?
dirty_2	?	?	?	?	pʰitʰaɾoːsdzaɴ	pʰagoːʃeɴ	çagoːsaɴ	?	?	?	?	?	?	?	?
dirty_3	kʰitʰanai	kʰitʰanaʃi	?	?	?	?	?	?	kʰɨtʰaɲisdzaːɴ	?	?	kʰisanakʰa	kʰitʰanakʰa	?	kʰitʰanakʰdza
dirty_4	?	?	dzanagesaɾi	dzanaɴgɘɘçaɴ	?	?	?	sdzançam	dzaɲisdzaːɴ	dzaɲidzaɴ	dînan	?	?	?	?
dust_1	?	?	?	goːmuːkʰɯ	pʰuːmɯ	?	?	?	?	?	?	?	gomi	?	?
dust_2	?	tʰiɾi	?	?	?	?	?	?	?	?	?	?	?	?	?
dust_3	çokʰoɾi	?	ɸuɸuɴ	?	?	pʰɯkʷɯi	ʃinabɯkʰɯi	mtʰabɯkʰi	ɸɯkʰɯi	ɸukʰɯi	kˀun	çokʰoi	?	çokʰoɾi	çokʰoɾi
fat_1	abɯɾa	abɯɾa	ʔabɯɾa	ʔaɴbaː	abɯɾa	ʔaɴɾaː	ʔaɴda	aʋʋa	aba	aba	anda	abɯɾa	abɯɾa	abɯɾa	abɯɾa
father_1	?	?	?	?	?	?	?	?	?	?	?	?	tʰotsan	?	otˀo
father_2	?	?	?	?	?	?	?	ɯdza	?	?	îja	odzaʔ	?	odzadʑi	?
father_3	?	?	?	?	?	?	?	?	bigeː	bikʰeː	?	?	?	?	?
father_4	?	?	dzdzuː	?	?	?	sdzuː	?	?	?	?	?	?	?	?
father_5	tʰitʰi	tʰitʰi	?	?	?	?	?	?	?	?	?	?	?	?	?
father_6	?	?	?	ʔaːdzdza	atʃʰdza	ʔatʃʰi	?	asa	?	?	?	?	?	?	?
fear_1	?	?	?	?	?	?	?	?	?	?	?	?	?	eddzɯkʰa	?
fear_2	?	?	?	?	?	?	?	?	?	?	?	ɯggaddzai	?	?	okˀanakʰdza
fear_3	?	?	?	?	?	?	?	?	?	?	?	tʰamagaʔ	tʰangaɾɯ	tʰamagaɾɯ	?
fear_4	osoɾe	odi	ʔɯθɯɾɯsdzaɾi	ʔotʰoɾoːçaɴ	kʰoːtʰɯɾɯsaɴ	ɸutʰɯɾɯʃeɴ	ʔɯtʰɯɾɯsdzaɴ	ɯtʰɯɾɯsɨkʰam	?	?	?	otʰoɾoɕi	otʰoɾoɕikʰa	otʰoɾoɕiː	?
fear_5	?	?	?	?	?	?	?	?	nɯgɯɾisdzaːɴ	nakʰɯɾaːɴ	ɲigɯɾan	?	?	?	?
fear_6	?	?	?	?	?	?	?	?	?	?	?	?	?	?	sameɕikʰdza
fight_1	?	?	?	?	?	?	?	?	aɯɴ	aɯɴ	ajɯn	?	?	?	?
fight_2	?	?	?	?	?	ʔoːɾɯɴ	ʔoːdzɯɴ	oː	?	?	?	?	?	?	?
fight_3	tʰatʰakʰaw	tʰatʰakʰapʰ	?	?	tʰatʰakʰeɴ	?	?	?	?	?	?	?	?	?	?
fight_4	?	?	θoɾaɯɾi	tʰoɾodzɯɴ	?	?	?	?	?	?	?	?	?	?	?
five_1	itʰɯtʰɯ	itʰɯ	ʔitʃʰɨtʃʰɨ	ʔitʃʰɨtʃʰɨɨ	itʃʰitʃʰi	çitʃʰitsˀiː	ʔitʃʰitʃʰi	itʃʰɨtʃʰɨ	itʃʰɨtʃʰɨ	itʃʰi	itʃʰitʃʰi	itʰsɯʔ	itʰsɯtʰsɯ	itʰsɯːtʰsɯ	itʰsɯtʰsɯ
flower_1	çana	pʰana	çana	çanaː	pʰana	pʰanaː	çana	pʰana	pʰana	pʰana	çana	çana	çana	çana	çana
fog_1	kʰiɾi	kʰwiɾi	kʰiɾi	kʰiɾiː	kʰiː	tʃʰiɾiː	tʃʰiɾi	tʃʰɨː	kʰɨɾɯ	ʃiɾɯ	tsˀiɾi	kʰiː	kʰiɾi	kʰiɾi	kʰiɾi
freeze_1	kʰoːɾ	kʰopʰoɾ	xoːɾiːnaɾɯɾi	kʰoːdzɯɴ	kʰoːdzɯɴ	?	?	?	?	?	kʰwaɾɯn	kʰoʔ	kʰoɾɯ	kʰoːɾɯ	kʰowɾɯ
fruit_1	?	?	naɾimɯɴ	?	naimɯnɯ	naimɯɴ	naimɯɴ	naɨ	naɾɨ	naɾimɯnɯ	nai	?	naɾɨmon	?	?
fruit_2	?	?	?	kʰɯdamɯɴ	?	?	?	?	?	?	?	kʰɯdamon	kʰɯdamon	kʰɯdamon	kʰɯdamono
fruit_3	mi	mwi	?	?	?	?	?	?	?	?	?	?	?	?	mi
green_1	?	awoʃi	ʔoːsaɾi	ʔaoːçaɴ	oːsaɴ	ʔoːɾuː	ʔoːsaɴ	oːçam	?	aoːɴ	aɯtʃʰitʃʰi	?	ao	ao	?
green_2	midoɾi	?	?	?	?	?	?	?	?	?	?	midoʔ	?	?	midoɾi
green_3	?	?	?	?	?	?	?	?	bɨɾoːtʰɯ	?	?	?	?	?	?
guts_1	watʰa	?	watʰa	?	?	watʰaːmi	watʰamiːmɯɴ	batʰa	bada	batʰa	batʰakʰɯɾɯ	ddzoddzowatʰa	çaɾawatʰa	ddzoːbatʰa	?
guts_2	?	kʰimo	?	?	kʰimɯpʰɯkʰɯ	?	?	?	?	?	?	?	?	?	?
guts_3	?	?	?	doːsdzaːkʰɯboɾ	?	?	?	?	?	?	?	?	?	?	?
guts_4	?	?	?	?	?	?	?	?	?	?	?	?	?	?	ɸɯgi
heart_1	?	?	?	?	?	?	?	?	?	?	?	mɯne	?	?	?
heart_2	?	?	?	?	?	?	?	?	?	?	tsˀimɯ	?	?	?	kʰimo
heart_3	kʰokʰoɾo	kʰokʰoɾo	?	?	?	?	?	?	?	?	?	?	?	?	?
heart_4	?	?	ʃiɴdoboɾ	sɨɴdzdzoːboɾ	ʃiɴdzdzoːboɾ	?	?	?	?	ʃiɴdzoːboɾ	?	?	ɕinddzoːboɾ	ɕinddzoːboɾ	?
heart_5	?	?	?	?	?	?	?	?	ɯɸɯmami	?	?	?	?	?	?
heart_6	?	?	?	?	?	?	?	?	tʰatʃʰɨmami	?	?	?	?	?	?
here_1	kʰokʰo	kʰokʰo	xɯma	kʰɯmaː	kʰɯma	ɸumaː	kʰɯma	kʰɯma	kʰɯma	kʰɯma	kʰuma	kʰokʰo	kʰokʰo	kʰokʰo	kʰokʰo
hunt_1	?	?	?	?	?	?	?	?	?	?	?	ɯː	oɯ	oitʰakʰɯɾɯ	oɯ
hunt_2	?	?	?	?	?	tʰɯɴ	tʰɯdzɯɴ	tʰɯɨ	?	tʰɯɾɯɴ	?	tʰoʔ	?	?	?
hunt_3	kʰaɾ	kʰaɾ	xaɾisdzɯi	?	?	?	?	?	kʰaɾɨsɨɴ	?	?	?	?	?	?
ice_1	?	pʰi	?	?	?	?	?	?	?	?	?	?	?	?	?
ice_2	kʰoːɾi	?	xoːɾi	kʰoːɾiː	?	?	kʰuːɾi	kʰoːɾi	?	kʰuːɾi	kʰuɾi	kʰankʰoːɾi	kʰoːɾi	kʰoːɾi	kʰoɯɾi
lake_1	?	?	?	?	?	?	?	?	?	?	?	?	?	?	ikʰe
lake_2	midzuːmi	miduːmi	?	?	?	?	?	?	?	?	mitʰɯ	?	?	?	?
live_1	ikʰi	ikʰ	ʔikʰiɾɯɾi	ʔikʰidzɯɴ	ikˀdzɯɴ	çitʃʰitʃʰɯɴ	ʔitʃʰitʃʰɯɴ	nɯtʃʰɨnɯaɨ	itʃʰɨkʰiɾɯɴ	ikʰiɾɯɴ	ikʰɯn	igiʔ	ikʰiɾɯ	ikʰiɾɯ	ikʰiɾɯ
moon_1	?	?	?	?	?	?	?	?	?	?	?	otʰsɯsaː	?	?	?
moon_2	?	?	?	?	?	?	?	?	?	?	kˀujɯ	?	?	?	?
moon_3	tʰɯkʰi	tʰɯkʰwi	tʃʰɨkʰi	tʃʰɨkʰiː	tʃʰikˀdzuː	ʃitʃʰuː	tʃʰitʃʰi	tʃʰɨtsˀɯ	tʃʰɨkʰɨ	ʃikʰi	?	?	tʰsɯkʰi	tʰsɯ̥kʰi	tʰsɯ̥kʰi
narrow_1	?	?	?	?	?	?	?	?	?	?	ibasan	?	?	?	?
narrow_2	?	?	?	gɯndzaːçaɴ	?	ginaːʃeɴ	gɯmasaɴ	?	gɯmasaːɴ	gɯmaːɴ	?	?	?	?	?
narrow_3	ʃemai	?	?	?	?	?	?	?	?	?	?	ʃeme	ɕemakʰa	ɕemakʰa	ʃemakʰdza
narrow_4	?	pʰosoʃi	?	?	?	?	?	?	?	?	?	?	?	?	?
narrow_5	?	?	ʔdzenasaɾi	?	iɴsaɴ	?	?	imikʰam	?	?	?	?	?	?	?
near_1	tʰikʰai	tʰikʰaʃi	tʃʰikʰdzasaɾi	tʃʰɨkʰdzaːçaɴ	kʰdzaːsaɴ	ʃitʃʰaːʃeɴ	tʃʰitʃʰasaɴ	tʃʰɨkʰaçam	tʃʰɨkʰasaːɴ	sɨkʰaːɴ	tˀan	tʰɕikʰe	tʰɕikʰakʰa	tʰɕikʰakʰa	tʰɕikʰakʰdza
person_1	çitʰo	pʰitʰo	tʃʰdzɯ	tʃʰdzuː	pʰitʃʰdzɯ	tʃʰuː	tsˀɯ	pʰɨtʰɯ	pʰɨtʰɯ	pʰɯsɯ	tˀuɯ	çi̥tʰo	çi̥tʰo	çi̥tʰo	ɕitʰo
push_1	os	os	ʔɯʃi	ʔɯsdzɯɴ	ɯsɯɯdzɯɴ	ɸusɯɴ	ʔɯsdzɯɴ	ɯsɨ	ɯsɯɴ	ɯsɯkʰɯɴ	uʃikʰiɾɯn	osaʔ	osɯ	osɯ	osɯ
river_1	?	?	çaɾixo	kʰoː	çoːɾa	çaːɾa	kʰaːɾa	?	kʰaːɾa	kʰaːɾa	kʰaɾa	?	?	?	?
river_2	kʰawa	kʰapʰa	?	?	?	?	?	nagaɾigawa	?	?	?	?	?	?	?
to_be_come_rotten_1	kʰɯsaɾ	kʰɯsaɾ	kʰɯsaɾeɾeɾɯ	kʰɯsdzaɾɨdzɯɴ	ɯɴkʰɯsaɾdzɯɴ	kʰɯsaːɾiɴ	kʰɯsaɾidzɯɴ	ɸɯsaɾiɨ	ɸɯsaɾi	saɾɯɴ	tsˀaɾiɾɯn	kʰesaɾɯʔ	kʰusaɾɯɾɯ	kʰusaɾɯ	kʰɯsaɾɯ
round_1	maɾɯi	maɾo	maɾɯsaɾi	maɾuːçaɴ	maɾɯsaɴ	maɾɯʃeɴ	maɾɯsaɴ	maːkʰɯkʰam	mɯɾɯsaːɴ	maɾoːɴ	maɾɯnkʰa	maɾi	?	?	?
sea_1	?	?	?	?	?	?	?	?	?	sɯnakʰa	ɯnaga	?	?	?	?
sea_2	ɯmi	ɯmi	ʔɯmi	ʔɯɴ	ɯɴ	ʔɯmi	ʔɯmi	im	iɴ	?	?	ɯn	ɯmi	ɯmi	ɯmi
seed_1	?	?	?	?	?	?	?	?	?	?	?	?	?	?	mi
seed_2	tʰane	tʰane	θanɨ	tʰanɨɨ	tʰaɲi	?	?	tʰaɲi	tʰaɲi	tʰaɲi	tʰaɲi	tʰane	tʰane	tʰane	?
seed_3	?	?	?	?	?	saɲii	saɲi	?	?	?	?	?	?	?	?
sharp_1	sɯɾɯdoi	tʰwoʃi	?	?	?	?	?	?	kʰiʃi	?	?	?	?	?	?
sharp_2	?	?	kʰiɾiɾɯɾi	kʰiɾɨdzɯɴ	?	tʃʰiɾiɾɯɴ	?	?	?	?	?	?	?	?	?
sharp_3	?	?	?	?	tʰatʃʰdzɯɴ	?	tʰatʃʰɯɴ	tsˀikʰam	?	tʰɯgaɾɯɴ	tsˀitʃʰiɾɯn	?	?	?	?
short_1	?	?	ʔikˀdzasaɾi	tʃʰɨkʰdzaːçaɴ	iɴtʃʰdzasaɴ	ʔiɴtʃʰaʃeɴ	ʔiɴtʃʰdzasaɴ	?	iɴtʃʰɨkʰasaːɴ	isɨkʰaːɴ	?	?	?	?	?
short_2	?	?	?	?	?	?	?	maɾɯkʰam	?	?	maɾan	?	?	?	?
short_3	midzikʰai	midzikʰaʃi	?	?	?	?	?	?	?	?	?	miçikʰe	miʑikʰakʰa	midʑikʰakʰa	mitʰɕikʰakʰdza
sing_1	?	?	?	?	?	?	?	adzaguːndzɨ	idzɯɴ	ɯtʰaidzɯɴ	?	?	?	?	?
sing_2	ɯtʰaw	ɯtʰapʰ	ʔoθaɯɾi	ʔotʰodzɯɴ	ɯtʰeɴ	ɸutaːsɯɴ	ʔɯtʰadzɯɴ	?	?	ɯtʰaidzɯɴ	ɯtʰakʰiɾɯn	ɯtʰo	ɯtʰaɯ	ɯtʰaɯ	ɯtʰoɯ
sky_1	?	?	θɨɴboɾ	tʰɨɴboɾ	tʰiɴboɾ	tʰiɴtoːboɾ	tʰiɴboɾ	tʰinboɾ	tʰiɴboɾ	tʰiɴboɾ	tʰinboɾ	tʰenboɾ	?	tʰenboɾ	tʰenboɾ
sky_2	soɾa	swoɾa	?	?	?	?	?	?	?	?	?	?	soɾa	?	?
smell_1	?	?	?	?	?	?	?	?	?	?	?	?	?	ɲioɯ	?
smell_2	?	?	?	?	çabdzɯɴ	çamiɴ	?	kʰabɨː	kʰabɯɴ	kʰabɯɴ	kʰabɯn	?	?	?	kʰamaɾɯ
smell_3	kʰag	kʰag	xadzamɯɾi	kʰadzdzaːsdzɯɴ	?	?	kʰadzasdzɯɴ	?	kʰadzasɨɴ	?	?	kʰadzɯn	kʰadzɯmɯ	?	?
smooth_1	?	?	?	?	?	?	?	?	?	sɯbeːsɯbeːʃi	?	?	?	?	?
smooth_2	?	?	?	?	?	?	?	pʰikʰɯmitʃʰɨkʰam	?	?	?	?	?	?	?
smooth_3	nameɾakʰa	name	nabiɾosaɾi	naɴbɯɾoːçaɴ	naːbdzuːsaɴ	naɴbɯɾuːʃeɴ	naɴdɯɾɯsaɴ	?	nabɯsaːɴ	?	daɾan	?	?	?	?
snow_1	jɯkʰi	jɯkʰi	?	dzɯkʰiː	dzɯkʰi	?	?	?	?	dzɯkʰi	dɯtʰi	dzɯʔ	dzɯkʰi	dzɯkʰi	dzɯkʰi
spit_1	?	?	?	?	?	?	?	?	?	?	?	?	?	?	dasɯ
spit_2	çakʰ	tʰɯpʰakʰ	tʃʰɨdzɨçakʰidzdzasɯɾi	tʃʰɨduːsdzɯɴ	tʃʰidzdzɯpʰakʰdzɯɴ	tʃʰɯɴɸeːpʰatʃʰidzasɯɴ	tʃʰiɴpʰeːtʰɯɸeːmikʰasdzɯɴ	tʰɯpʰatsˀɯasɨ	tʃʰɨtʃʰɨpʰakʰɨsɨɴ	tʃʰiɴtʃʰipʰakʰɯɴ	çagɯn	çaʔ	çakʰɯ	çakʰɯ	?
stick_1	?	?	boːboɾ	boːboɾ	boːboɾ	boːboɾ	boːboɾ	boːboɾ	boːboɾ	baɯboɾ	buɯboɾ	boboɾ	boːboɾ	boː	bowboɾ
stick_2	tʰɯe	tʰɯwe	?	?	?	?	?	?	?	?	?	?	?	?	?
straight_1	masɯgɯ	?	masɨgɯ	masɨɨɡɯ	masigɯ	matoːdzi	matˀoːba	masɯgɯ	masɯgɯ	masigɯ	mankʰa	masɯgi	masɯgɯkʰa	masɯgɯkʰa	masɯgɯ
straight_2	?	tʰada	?	?	?	?	?	?	?	?	?	?	?	?	?
swell_1	çaɾe	pʰaɾe	?	çaɾɨdzɯɴ	?	?	?	?	?	?	?	çaɾɯʔ	?	çaɾeɾɯ	çaɾeɾɯ
swell_2	ɸɯkʰɯɾe	pʰɯkʰɯɾ	ɸukʰɯɾɨɾɯɾi	?	pʰɯkʰɯɾdzɯɴ	pʰɯkʷkʷiɴ	ɸukˀwidzɯɴ	ɸɯkʰɯpʰaɨ	ɸɯkʰɯɾi	ɸukʰɯɾɯɴ	kˀuɾiɾɯn	?	?	?	?
swim_1	ojog	?	?	?	?	ʔɯidzɯɴ	ʔwiːdzɯɴ	?	?	uːɴ	uŋɯn	odzoʔ	odzegɯ	odzogɯ	odzogɯ
swim_2	?	kʰɯkʰɯɾ	ʔwɨːgɯɾi	ʔwɨɨgdzɯɴ	ɯigdzɯɴ	?	?	?	?	?	?	?	?	?	?
swim_3	?	?	?	?	?	?	?	ɯiʋ	ɯmɯɴ	?	?	?	?	?	?
they_1	?	?	?	?	naːtʃʰdza	?	?	?	?	?	?	?	?	?	?
they_2	kʰaɾeɾa	?	ʔatˀa	ʔatˀaː	?	ʔaɾitaː	ʔatˀaː	kʰanɯkʰi	kʰatˀaː	kʰatsˀaː	kʰantʰatʰi	?	?	?	?
they_3	?	?	?	?	?	?	?	?	?	?	?	anɕitʰaʔ	aɾɯdon	aɾedatʰɕi	ɯnoɕitʰoɾa
think_1	omow	omopʰ	ʔomoɯɾi	ʔomodzɯɴ	muːdzɯɴ	ʔɯmiɴ	ʔɯmɯdzɯɴ	ɯmuː	ɯmoːɴ	ɯmuːɴ	ɯmɯn	omoː	omoɯ	omoɯ	omoːwa
tree_1	kʰi	kʰwi	xɨ	kʰɨɨ	ʃii	kʰiː	kʰiː	kʰiː	kʰiː	kʰiː	kʰii	kʰi	kʰi	kʰi	kʰi
true_1	çontʰoɯboɾ	?	ɸuɴθoboɾ	ɸuɴtʰoːboɾ	sdzoɴboɾ	ɸuɴtoːboɾ	ɸuɴnɯboɾ	ɸɯntʰoːboɾ	ɸɯɴtʰoːboɾ	ɸuɴtʰoːboɾ	?	çonokʰoʔboɾ	çontʰo	çonakʰotʰoboɾ	çontʰowboɾ
true_2	ma	ma	?	?	?	?	?	maːntʰiː	?	?	maːmɯɲi	makʰoʔ	makʰotʰsɯ	?	?
turn_1	?	?	moːsɯɾi	moːsdzɯɴ	moːsdzɯɴ	?	?	?	?	?	?	?	?	?	moːɾɯ
turn_2	?	megɯɾas	?	?	?	?	?	?	?	?	?	?	?	?	?
turn_3	mawas	?	?	?	?	maːsɯɴ	maːsdzɯɴ	maːsɨ	maːsɨɴ	maːsɯɴ	maɾan	maːʔ	mawaɾɯ	maːɾɯ	?
vomit_1	?	?	?	?	?	?	?	?	?	?	?	?	?	?	otʰakʰi
vomit_2	?	?	?	?	?	?	?	?	?	?	?	agetʰamon	?	?	?
vomit_3	çakʰ	pʰakʰ	çaxɯɾi	çakʰdzɯɴ	pʰakʰdzɯɴ	pʰatʃʰɯɴ	çatʃʰɯɴ	pʰaɸɯ	çakʰɯɴ	pʰakʰɯɴ	çagɯn	?	?	bekˀoː	?
walk_1	aɾɯkʰ	?	ʔakˀɯɾi	ʔakˀdzɯɴ	aikʰdzɯɴ	ʔatsˀɯɴ	ʔatsˀɯɴ	aɨɸɯ	aɾagɯɴ	a	aigɯn	?	?	?	aɾɯkʰɯ
walk_2	?	ajɯm	?	?	?	?	?	?	?	?	?	adzɯn	adzɯbɯ	adzɯmɯ	eːmɯ
1PL_1	?	?	?	?	?	?	?	duː	?	?	?	oitʰaʔ	odon	?	?
1PL_2	?	?	?	?	?	?	?	?	?	?	?	atʰaitʰaʔ	?	atʰakʰidatʰɕi	?
1PL_3	waɾeɾa	?	waxdza	wakˀdzaː	waːtʃʰdza	waːtʃʰaː	watˀaː	?	bagadaː	beː	bantʰa	?	?	?	waiɾa
when_1	itʰɯ	itʰɯ	ʔitʃʰɨ	ʔitʃʰɨɨ	itʃʰi	çitʃʰiː	ʔitʃʰi	itʃʰɨ	itʃʰɨ	itʃʰi	itʃʰi	iʔ	itʰsɯ	itʰsɯ	itʰsɯ
with_1	tʰo	tʰo	?	?	?	?	?	?	?	?	?	?	?	?	?
with_2	?	?	maːdziɴ	madzɨɨna	maːdziɴ	madzɯi	madzɯ	maːtʃʰɨkʰiː	maːdzoɴ	maːdzɯɴ	madɯn	?	?	?	?
worm_1	mimidzɯ	?	mɨmɨdzɨ	mɨɨdzdza	miːmidzi	mimidza	mimidzi	mimidzɨ	mimidzɨ	miːmadzi	dîmimi	mimis	mimidzɯ	mimiddzɯ	memeddzɯme
worm_2	?	mɯʃi	?	?	?	?	?	?	?	?	?	?	?	?	?
yellow_1	kʰiːɾoi	kʰwi	kʰiːʔiɾɯ	kʰiɾoːçaɴ	kʰiɴsaɴ	ʔawaːʔiɾuː	tʃʰiːɾɯ	kʰiːɾɯkʰam	kʰɨɴsaːɴ	kʰitsˀaːɴ	kʰiːɾɯ	kʰiːkʰa	kʰinakʰa	kʰi	kʰiːɾokʰdza
2PL_1	?	?	?	?	?	?	?	?	?	?	?	omaitʰaʔ	?	?	?
2PL_2	anatʰatʰatʰi	?	?	?	?	?	?	?	?	?	?	?	?	antʰatʰdatʰɕi	?
2PL_3	?	namɯtʰatʰi	?	?	?	?	?	?	?	?	?	?	nɯɕidon	?	?
2PL_4	?	?	ʔdzaxdza	ʔdzakˀdzaː	?	ʔiː	ʔitˀaː	itʰi	?	?	ndi	?	?	?	?
2PL_5	?	?	?	?	ɯɾatʃʰdza	?	?	?	?	?	?	?	?	?	ɯnaɾa
2PL_6	?	?	?	?	?	?	?	?	wadaː	wa	?	?	?	?	?
